COMPOSER,ARRANGER,TITLE,MEDIUM,CATEGORY,SHELF_X,PUBLISHER,DATE_ADDED,PERFORMED
Addinsell,Leidzen,Warsaw Concerto,we+piano,feature,0001,Chappell,,
"Adler, R",,In the Driver's Seat,we,,0561,Hentz Company,,
Adler/Ross,Yoder,"""Damn Yankees""(Heart)",we,march size,0311,Frank,,
Ager,Holman,Happy Days are Here Again,we,march size,0312,Wright,,
Agostini,Bainum,"3 Trumpeters, The",we + trio,feature,0002,"Belwin, Inc.",,
"Akey, Douglas",,A Praetorius Prelude,we,,1453,Edmondson & Mc,2000/02,
Albeniz,Campbell-Watson,Tango,we,,0003,Witmark,,
Albert,Lake/Moffit,"Mexi. Shuffle, The",we,march size,0719,Almo Music Cor,,
Albinoni,Haan,Adagio,we,,1358,de Haske,2004/05,
Alexander,,"""The Southerners""(Mrch)",we,march size,0314,Barnhouse,,
Alexander,,Colossus of Columbia,we,march size,0313,Barnhouse,,
Alexander,,Olympia Hippodrome Mrch,we,march size,0315,Barnhouse,,
"Alford, H",,Merry Widow,we,march,0114,Rubank,,
"Alford, H",,"Purple Carnival, The",we,march size,0317,Schirmer,,
"Alford, K",Fennell,Colonel Bogey,we,march,1219,Boosey +Hawkes,,
"Alford, K",,Colonel Bogey on Parade,we,march,0004,Boosey +Hawkes,,
"Alford, K",Fennell,"Mad Major, The",we,march,1300,Boosey +Hawkes,,
"Alford, K",,"Standard of St. George, The",we,march size,0733,Boosey +Hawkes,,
"Alford, K",,"Thin Red Line, The",we,march size,0720,Boosey +Hawkes,,
"Alford, K",,"Vanished Army, The",we,march size,0318,Boosey +Hawkes,,
Alstyne,Teague,Whats the matter with Father,we,march size,0320,Remick,,
"Anderson, L",,A Christmas Festival,we/xmas,,1416,Mills Music,2000/02,
"Anderson, L",Anderson,Belle of the Ball,we,,1392,Belwin,FALL/93,
"Anderson, L",,Blue Tango,we,,0238,Mills,,
"Anderson, L","Edwards, M.",Bugler's Holiday,we,feature,0743,Mills,,
"Anderson, L",,Serenata,we,,0251,Mills,,
"Anderson, L",,Sleigh Ride,we/xmas,,1417,Mills Music,2000/02,
"Anderson, L",Lang,"Waltzing Cat, The",we,,0267,Mills,,
"Anderson, L",Tyra,"Waltzing Cat, The",we,march size,0692,Mills,,
"Anderson, Leroy",,Home Stretch,we,,1493,Hal Leonard,2001/03,
"Anderson, Leroy","Lang, Philip J.","Trumpeter's Lullaby, A",we + trpt,,1513,Belwin,2003/04,
Anthony,Auletti,"Bunny Hop, The",we,march size,0321,Leonard,,
"Applebaum, S",,Marrakech Bazaar,we,,0914,Chappell,,
Araque,,Suite Celica Part I,we,,0005,Mills,,
Araque,,Suite Celica Part II,we,,0006,Mills,,
"Arban, J",Leidzen,Carnival of Venice,we+cornet,feature,0283,Belwin,,
Arlen,Yoder,"""Wizard of Oz""(Over the Rainbow)",we,march size,0322,Feist,,
Arlen,,Blues in the Night,we,feature,1093,,,
Arlen,Barker,Somewhere Over the Rainbow,we,,1557,Warner Bros.,2004/05,
Arlen,"Barnes, James",The Wizard of Oz,we,Overture,1427,Warner Bros,2000/02,
"Armstrong, Louis",Ricketts,Satchmo!,we,,1564,Hal Leonard,2004/05,
"Arnold, David","Clark, Larry",Independence Day Highlights,we,,1440,Warner Bros,2000/02,
"Arnold, M",Paynter,4 Scottish Dances,we,,1094,Fischer,,
"Arnold, M","Wilson, Keith",A Grand Overture for 3 vacuum cl,we,,1412,Fischer,2000/02,
"Arnold, M",,Duke of Cambridge,we,march,0894,Fischer,,
"Arnold, M",Johnstone,English Dances for Band,we,,0549,Mills,,
"Arnold, M",Paynter,"Prelude, Siciliano and Rondo",we,,1621,,,
"Arnold, M",Paynter,Tam O'Shanter,we,,1383,Fischer,FALL/93,10/93
"Arnold, S",,Amer. National Airs,we,march size,0323,Agnew,,
Bach,Lake,16 Chorales,we,,1226,Schirmer,,
Bach,Frackenpohl,5 Chronicles,we,,0007,Shawnee Press,,
Bach,Reed,Arioso,we,,1484,C.L. Barnhouse,2001/01,
Bach,"Reed, A.",Cantata #208 Sheep May Safely Gr,we,,1406,Birch Island,2000/02,
Bach,"Reed, A",Come Sweet Death,we,,1063,Birch Island,,
Bach,Goldman/Leist,Fantasia in G-Major,we,,0008,Mercury,,
Bach,Holst,Fugue a la Gigue,we,,0552,Hawkes & Sons,,
Bach,Leidzen,"Jesu, Joy of Man's Desiring",we,,0945,Fischer,,
Bach,Leidzen,"Jesu, Joy of Man's Desiring",we,,1231,Fischer,,
Bach,Moehlman,Prelude & Fugue in A-flat,we,,0302,Remick,,
Bach,de Camp,Prelude & Fugue in E-minor,we,,0631,Studio,,
Bach,Moehlmann,Prelude & Fugue in G-minor,we,,0009,Remick,,
Bach,McAllister/Fennell,Ricercare a6-the Musical Offer.,we,,1286,Ludwig,,
Bach,"Reed, A",Sheep May Softly Graze,we,,1207,Birch Island,,
Bach,Effinger,Sinfonia #9 in F-minor,we,,0270,Canyon Press,,
Bach,"Reed, A",Who Will But Let Himself be Guid,we,,1347,Barnhouse,,
"Bach, J.S.",Reed,"My Jesus! Oh, What Anguish",we,,1591,,,
"Bach, PDQ",Schickele,6 Country Dances,we,,1153,Presser,,
"Bach, PDQ.",Schickele,Gr.Ser for an Awful lot of W+Per,we,,1002,Presser,,
Bacharach,Cable,"""Promises, Promises""",we,broadway,0806,Morris + Co,,
Bacharach,Cacavas,Bacharach/David Medley No 1,we,,0812,Blue Seas Mus,,
Bacharach,Edmondson,Do You Know the Way to San Jose,we,,0793,Blue Seas,,
Bacharach,Marek,Lost Horizon Medley for c-band,we,,0902,Colgems,,
Backer + Griffith,,Welcome to Miller Time,we,,1224,Miller Brewing,,
"Backer,David,Cook,",Edmondson,I'd like to teach the world to..,we,,0866,Shada,,
"Badelt, Klaus",Wasson,Pirates of the Caribbean,we,,1550,Hal Leonard,2004/05,
Baer,Sciacca,Lonesome in the Moonlight,we,march size,0604,Feist,,
Bagley,,Amer. Victorious,we,march size,0325,Jacobs,,
Bagley,,Nat. Emblem,we,march size,0324,Jacobs,,
Ballard,Yoder,Mr Sandman,we,march size,0326,Morris,,
"Balmages, Brian",,Flight of the Griffin,we,,1580,FJH,,
"Bamert, M",,Inkblot,we,feature,0886,Schirmer,,
Barat,Marsteller,Andante et Allegro,we,features,0736,Southern,,
Barber,Hudson,"""The School for Scandal""(Ov)",we,overture,1247,Schirmer,,
Barber,,Commando March,we,march,0236,Schirmer,,
"Barber, Samuel","Custer, Calvin",Adagio for Strings,we,,1450,"G. Shirmer, In",2000/02,
Barker,,Chinese Folk Suite,we,,1253,Jenson,,
Barker,,Juxtaposition,we,,1135,Jenson,,
Barker,,Tango Fandango,we+4 trpt,feature,1155,Jenson,,
Barnhouse,,Ruby Red Mrch,we,march size,0327,Barnhouse,,
Barnhouse,,Wearin' of the Green,we,march size,0328,Barnhouse,,
"Bart, L",Leyden,"""Oliver!""(Selections)",we,broadway,1295,Songways,,
Bartholomew,King,I Hear You Knocking,we,march size,0329,Leonard,,
Bartok,Pharmer,"""For Children"" (Play)",we,elem band,0795,Alfred,,
Bartok,Leidzen,Bear Dance,we,,0010,Associated,,
Bassett,,"Designs, Images & Texture",we,,0637,Peters,,
Bauduc/Haggart,Yoder,South Rampart St Parade,we,march size,0330,Feist,,
Bayes/Norworth,Teague,"Shine on, Harvest Moon",we,march size,0331,Remick,,
"Bayless, S",,Big Beat Time Outs #4,we,march size,0757,KSM,,
"Beck, JN",,Reflection,we,,0624,Elkan-Vogel,,
Beethoven,Smith,Egmont (Mrch),we,,0012,Mercury,,
Beethoven,Winterbottem,Egmont Ov,we,overture,0011,Boosey +Hawkes,,
Beethoven,Barnes,Fidelio Ov,we,overture,0811,Ludwig,,
Beethoven,,Military Mrch,we,,0013,Schirmer,,
Beethoven,Barnes,Prometheus Ov,we,overture,0268,Ludwig,,
Beethoven,Slocum,Prometheus Ov,we,overture,1310,TRN Music,,
Beethoven,Bell-Maltimore,Var on the theme Judas Maccabees,we+solo,,0014,,,
"Bellson, L",,Thundering Drums,we+drumset,feature,0269,Kjos,,
Bellstedt,,Victory Day,we,march size,0332,Fillmore,,
Belsterling,"Alford, H",Mrch of the Steel Men,we,march,0015,Fillmore,,
Bembo,Conley,Melody (Aria),we,elem band,1142,Easy Listening,,
Bencriscutto,,Concertino for tuba + band,we+tuba,feature,1126,Shawnee,,
Bencriscutto,,Sing a New Song (Psalm 96),we,,1091,Kjos,,
"Bender, J",,Music for Reformation Day,we,,0746,Chantry,,
Benjamin,Morgenstern,Jamaican Rumba,we,,0016,Boosey +Hawkes,,
"Bennett, D",,Clar in Residence,we+cl,feature,0977,Southern,,
"Bennett, D",,Clar Polka,we + Clar,feature,0017,Remick,,
"Bennett, D",,From Africa to Harlem,we,,0018,Fischer,,
"Bennett, H",,Activity,we,march size,0333,Fillmore,,
"Bennett, H",,Power,we,march size,0334,Fillmore,,
"Bennett, H",,Precision,we,march size,0335,Fillmore,,
"Bennett, H",,Sabo,we,march size,0336,Fillmore,,
"Bennett, RR",,Suite of Old Am. Dances,we,,0237,Chappell,,
"Bennett, RR",,Symphonic Songs for Band,we,,0873,Chappell,,
"Benson, W",,Ginger Marmalade,we,,1131,Fischer,,
"Benson, W",,"Leaves are Falling, The",we,,0818,Piedmont,,
"Benson, W",,"Solitary Dancer, The",we,,1133,MCA Music,,
Bergsma,,March with Trpts,we+trmpts,march,0019,Galaxy,,
Berlin,Leidzen,God Bless America,we,march size,0337,Berlin,,
Berlin,"Ades, H",I. Berlin-A Symphonic Portrait,we,,1359,Concert Works,,
Bernstein,Beeler,"""Candide"" (Ov)",we,overture,0239,Schirmer,,
Bernstein,Hunsberger,"""MASS"" (Meditation #2)",we,,0929,Schirmer,,
Bernstein,"Polster, I","""MASS"" (Simple Song)",we,symphony,0879,,,
Bernstein,Stith,"""On the Town""(3 Dance Episodes)",we,,0876,Warner Bros.,,
Bernstein,Duthoit,"""West Side Story""",we,Broadway,0021,Schirmer,,
Bernstein,Erickson,"""West Side Story""",we,march size,0764,Schirmer,,
Bernstein,Gilmore,"""West Side Story"" (Prologue)",we,Broadway,0020,Schirmer,,
Bernstein,"Polster, I","""West Side Story"" (Symp Dance)",,broadway,0824,Manuscript,,
Bernstein,Maltby,"""Wonderful Town""(Wrong Note Rag)",we,elem band,1115,Presser,,
Bernstein,Grundman,"Bernstein Tribute, A",we,,1388,Boosey&Hawkes,FALL/93,
Bernstein,Krance,Danzon,we,,0813,Harms,,
Bernstein,Grundman,Slava!,we,overture,1211,Amberson Ent,,
Bernstein,"Polster, I",Symphonic Dance Music,we,broadway,0893,manuscript,,
Bertram,Mills,"Line-up, The",we,march size,0338,Jacobs,,
Bielawa,,Spectrum,we + elec,,0723,Shawnee Press,,
Bigelow,Hildreth,Our Director,we,march size,0339,Jacobs,,
Bilik,,American Civil War Fantasy,we,,0248,Southern,,
Bilik,,Block M (concert mrch),we,march,0738,Mills,,
Bilik,,Concertino for Alto Sax and Band,we+sax,feature,1069,Bilik Music,,
Bilik,,Magna Cum Laude,we,march,0629,French,,
Bilik,,Ogden Nash Suite,we,feature,0553,Sam French,,
Bilik,,Ov Alfresco,we,,1349,Jenson,,
Bilik,,Symp for Concert Band,we,symphony,0906,Bilik,,
Bilik,,They Walked in Darkness,we,,0896,Bilik,,
Billings,Goldman,America,we,200th Cele,0983,JCPenneys,,
"Binge, R",Calliet,"Red Sombrero, The",we,,0630,Harman,,
Bizet,Godfrey,"""Carmen""",we,opera,0183,Chappell,,
Bizet,McDonald,"""Carmen""(Routine)",we/opera,march size,0731,Southern,,
Bizet,Bullock,Carmen Suite,we/opera,,1325,Columbia,,
Bizet,Finek-Duthoit,L'Arlesienne Suite #1,we,,0022,Boosey +Hawkes,,
Bizet,Finek-Duthoit,L'Arlesienne Suite #2,we,,0023,Boosey +Hawkes,,
Bizet,"Cailliet, Lucien",The Pearl Fishers,we,overture,1448,Sam Fox Pub. C,2000/02,
Black,,Paper Doll,we,march size,0340,Marks,,
Black/Barry,"Powers, R",Born Free/Chipmunk Song,we,elem band,0754,Funway,,
Bliss,Erickson,"Age of Kings, An",we,,0684,Chappell,,
"Bloch, E",Goldman,"""America""(Anthem)",we,,0972,JC Penneys,,
Bloom,Leidzen,Song of the Bayou,we,,0024,Feist,,
Bock,Burden,"""Fiddler on the Roof""(Selec)",we,broadway,1082,Hansen,,
"Boerma, Scott",,Fanfare for a Golden Sky,we,,1553,Kjos Music Co.,2004/05,
"Bonelli, G.",Falcone,Symphonic Concert March,we/march,,1421,Southern Music,2000/02,
Botkin,Nowak,"""Mork and Mindy""(Theme)",we,,1144,Addax Music Co,,
Bourdon,Sanders,Cities Service Mrch,we,march size,0341,Ascher,,
Bowles,,Easy Street Blues,we,march size,0698,Kjos,,
Bowles,,"Minstrels, The",we,,0674,Belwin,,
Bowles,,"Peck Horn's Revenge, The",we,,0942,Fitzsimmons,,
Bowles,,Promenade Blues,we,,0263,Kjos,,
Boyer,,Ariane Ov,we,overture,0933,Witmark + sons,,
Brader,Chenette,"Rialto, The",we,march size,0342,Dalbey,,
Brahms,Safranek,Academic Festival,we,overture,1280,Fischer,,
Brahms,Buehlman,Ger. Requium (Blessed Are They),we,,1328,Ludwig,,
Brahms,Holmes,Waltz Op.39 No.15,we,,0026,Fitzsimmons,,
"Brant, H",,Verticals Ascending,we,,0784,MCA Music,,
"Bremer, Carolyn",,Early Light (2 sets),we,,1576,Carl Fischer,2006/07,
"Bricusse, L",Whitcomb,"""Dr. Dolittle""(Selections)",we,,0854,Hastings,,
Bright,,Concerto Grosso #1 in E-minor,we,,0960,Shawnee,,
"Brooks, Mel","Ricketts, Ted","Producers, The",we/broadwa,,1517,Hal Leonard,2003/04,
Brown,"Smith, R",NY Light Guards Quickstep,we,,0972,JC Penneys,,
Brown,Akst,Stand up and Cheer,we,march size,0344,Movietone,,
Browne,,Sonoro & Brioso for Winds,winds,feature,0732,Summy-Birchard,,
Bruckner,Buehlman,Ave Maria,we,,1397,Ludwig,Apr /94,
Brunelli,,In Memoriam,we,,1132,Chappell,,
Bucalossi,Brown,"Grasshopper's Dance, The",we+piano,feature,0027,Boosey +Hawkes,,
Buchtel,,"""Bluebells"" (Mrch)",we,march size,0345,Kjos,,
Budka,,4 Winds,we+winds,feature,0976,Summy,,
"Buehlman,Whitcomb",,For Stars and 1/2 Stars,we,,1004,Heritage,,
"Buie, Cobb, Gordy",,Traces,we,elem band,0891,Hal Leonard,,
Bukvich,,Dinosaurs,we,,1373,Phoebus,  09/92,  11/92
Bukvich,,Symphony #1,we,,1384,Wingert-Jones,FALL/93,10/93
Bukvich,,VooDoo,we,,1422,Wingert-Jones,2000/02,
"Bulla, Stephen",,Heralds For An Occasion,we,,1428,Cornow Music P,2000/02,
Bunton,,Hills of Friendship,we,march,0548,Kendor,,
Burke,"Leidzon, E",Danza Alegre,we+trmpt,feature,1037,Fischer,,
Burke,"Williamson, D",Hennesey's Theme,we,march size,0693,Luverne Inc,,
Burke/Roye,Yoder,They were Doin' the Mambo,we,march size,0347,Mayfair,,
Busch,,Prelude,we,,0028,Schirmer,,
Byrd,Jacob,"Battell, The",we,,0668,Boosey +Hawkes,,
Cable,,Brazilian Fest,we,,0556,MCA,,
Cacavas,,Campus Martius,we,march,0256,General Mus Co,,
Cacavas,,Fanfare & Scenario,we,,0030,Bourne,,
Cacavas,,Midnight Soliloquy,we+sax 4,feature,0973,Marks,,
Cahn/Van Heusen,"Warrington, J",Walking Happy,we,march size,0651,"Shapiro,Bernst",,
Cailliet,,Fete-Dieu a Seville,we,,0742,Sam Fox,,
Calhoun,,Shake Rattle and Roll,we,march size,0348,Leonard,,
Calliet,,Atten - tion,we,march size,0349,Leblanc,,
Caponegro,,Meteorock,we,elem band,0917,Kendor,,
Carazo,,El Matador,we,march,0029,Rubank,,
Carmichael,Lang,It's A Grand Old Day,we,march size,0688,Mills,,
Carmichael,Nestico,Stardust,we,,0671,Mills,,
Carmicheal,Yoder,Stardust,we,,0031,Mills,,
Carpenter,"Cacavas, J",Sounds of the Carpenters,we,,0867,JW Pepper +Son,,
"Carroll, B",,Calyspo Holiday,we,Elem Band,0796,Alfred,,
"Carroll, B",,Zing! Boom!,we,Elem Band,0794,Alfred,,
"Carter, C",,Petite Etude,we,Elem Band,0797,Luverne,,
Cavez,Werle,Tamboo,,,1582,,,
Chabrier,"Davis, A",Habanera,we,,0673,Belwin,,
Chabrier,Froseth,Larghetto,we,feature,0253,Kjos,,
Chambers,,March Religioso,we/march,march size,0351,Fischer,,
Chaminade,Wilson,Concertino,we + flute,feature,0032,Fischer,,
Chance,,Blue Lake Ov,we,overture,1235,Boosey +Hawkes,,
Chance,,Incantation & Dance,we,,1084,Boosey +Hawkes,,
Chance,,Intro & Capriccio for PA + 24 W.,we + pa,feature,0650,Boosey +Hawkes,,
Chance,,Sym #2,we,symphony,1062,Boosey +Hawkes,,
Chance,,Var on a Korean Folk Song,we,,1194,Boosey +Hawkes,,11/92
Charrosin,Duthoit,2 Little Japs,we,,0033,Boosey +Hawkes,,
Chattaway,,"Hot Time, A",we,march size,0352,Fischer,,
Chattaway,,Parade of the Tall Ships,we,march,1192,Wm Allen Music,,
Chattaway,,Span. Fever,we,,1089,Wm Allen Music,,
Chavez,,"""Chaputepec""(Cancion de Adelita)",we,March,0279,Mills,,
Chavez,,"""Chaputepec""(Marcha Provinciana)",we,March,0277,Mills,,
Chavez,,"""Chaputepec""(Vals Nostalgia)",we,,0278,Mills,,
Chopin,Ployhar,Cantabile from Fantasie Imprompt,we,elem band,0956,Hal Leonard,,
"Christensen, J",,Trombone Country,we+trb,feature,1019,Hal Leonard,,
"Christiansen, F",,Manitou Heights,we,march,0034,Kjos,,
Churchill,Becker,"""Snow White""(Heigh-Ho)",we,march size,0353,Berlin,,
Clark,,"AY, AY, AY!",we,march size,0588,Schirmer,,
Clarke,,Bride of the Waves,we+cornet,feature,0035,Fischer,,
Clarke,,Carnival of Venice,we+cornet,feature,0036,Witmark,,
Clarke,,Carnival of Venice,we+cornet,feature,1313,Witmark + Sons,,
Coates,Williams,London Suite # 607,we,,0037,Chappell,,
"Coates, Eric",Wagner,The Dam Busters,we,,1570,,,
Cobb/Edwards,Lang,School Days,we,,0038,Gus Edwards,,
Coben,,"Old Piano Roll Blues, The",we,march size,0354,Leonard,,
"Cofield, F",,Trumpercussion,we+tr quar,feature,0980,Hal Leonard,,
Cohan,Werle,"Cohan Broadway Festival, A",we,broadway,1110,Bourne,,
Cohan,,"Yankee Doodle Boy,The",we,march size,0355,Vogel,,
Cohan,,You're a Grand Old Flag,we,march size,0357,Vogel,,
Cohn,Sciacca,Too Busy,we,march size,0603,Feist,,
Colby,Huffer,Headlines,we,,0039,Witmark,,
"Collier, R",,Lyric for Trpt,we+trmpt,feature,1031,Kendor,,
"Conley, L",,Buy My Tortillas,we,elem band,0771,Kendor,,
"Conley, L",,Pine Tree Patrol,we,elem band,0751,Kendor,,
"Conley, L",,Silver Baton Mrch,we,March size,0690,Kendor,,
Conrad/Magidson,Hunsberger,(Rhap on) Midnight in Paris,we,March,0246,Sam Fox,,
Copland,,"""Appalachian Spring""",we,,1210,Boosey +Hawkes,,
Copland,"Grundman, C","Copland Portrait, A",we,,1288,Boosey +Hawkes,,
Copland,"Patterson, Merlin",Down a Country Lane,we,,1547,Boosey&Hawkes,2003/04,
Copland,,Emblems,we,,0550,Boosey +Hawkes,,
Copland,Beeler,Lincoln Portrait,we,feature,0041,Boosey +Hawkes,,
Copland,,"Outdoor Ov, An",we,overture,0040,Boosey +Hawkes,,
Copland,,Preamble for a Solemn Occassion,we,,0990,Boosey +Hawkes,,
Copland,,"Red Pony, The",we/film,,0790,Boosey +Hawkes,,
"Copland, Aaron",Rogers,Danzon Cubano,we,,1577,Boosey +Hawkes,,
"Corelli, A",McLin,Preludio,we,,0776,Pro Art,,
Cowan,Leidzen,Waltzing Matilda,we,march size,0358,Fischer,,
Cowell,,Hymn and Fuguing Tune #1,we,,0657,Leeds,,
Cowell,,Little Concerto,we+piano,feature,0714,Associated,,
Creatore,Falcone,March Electric,we/march,march,0656,Summy-Birchard,,
Creston,,Anatolia (Turkish Rhap),we,,0735,Shawnee Press,,
Creston,,Celebration Ov,we,overture,0042,Templeton,,
Creston,,Concertino op21B,we+Marim,feature,1301,G. Schirmer,,
Creston,,Prelude & Dance,we,,0682,Columbo,,
"Croce, J","Polster, I",Ill have to say I love you in sg,we,,0919,,,
Curnow,,Amer Triptych,we,,1283,Jenson,,
Curnow,,Canticle of the Creatures,we,,1220,Jenson,,
Curnow,,Celebration Variations,we,,1469,Curnow Music,2000/07,
Curnow,,Ceremonial Flourishes,we,,1324,Jenson,,
Curnow,,Chorale Masters,we,,1274,Jenson,,
Curnow,,Christmas Carillon,we/xmas,,1456,Curnow Music,2000/02,
Curnow,,Collage for Band,we,,1151,Volkwein,,
Curnow,,"Fanfare Prelude on ""Joy to the W",we/xmas,,1420,Jenson Publica,2000/02,
Curnow,,Fant on a Southern Folk Hymn,we,,1335,Jenson,,
Curnow,,Flirtations for Flute,we,,1532,Curnow,2003/04,
Curnow,,God of our Fathers (Fan/Pre),we,overture,1208,Jenson,,
Curnow,,Interval Studies,we,,1565,Curnow,2004/05,
Curnow,,Mutanza,we,,1215,Jenson,,
Curnow,,Overture to a Winter Festival,we/xmas,,1434,Curnow Music,2000/02,
Curnow,,Partita for Band,we,,1329,Jenson,,
Curnow,,Rejouissance,we,,1326,Jenson,,
Curnow,,Tone Studies for Band,we,,1566,Curnow,2004/05,
Curnow,,Var in Memoriam,we,,1130,Studio P/R,,
"Cuthbert, D",,Men at Work,we,march size,0609,Belwin,,
"Cuthbert, D",,Romance in Toyland,we,march size,0610,Belwin,,
"Cuthbert, D",,Womans Work is Never Done,we,march size,0612,Belwin,,
Darce,,Daisy Bell,we,march size,0591,Ascher,,
David/Hoffman/Livi,,Bibbidi-Bobbidi-Boo,we,march size,0359,Walt Disney,,
David/Hoffman/Livi,,Dream is a wish Your Hearts Make,we,march size,0360,Walt Disney,,
Davis,"Cook, P","Believe in Music, I",we,elem band,1119,Screen Gems,,
"De Koven, R",,Recessional,we,march size,0587,Church,,
Debussy,Longfield,"Engulfed Cathedral, The",we,,1298,Birch Island,,
Debussy,Curnow,Golliwogg's Cakewalk,we,,1311,Jenson,,
"DeCamp, C",,Concerto for Drum Set,we+drum,feature,1058,Studio P-R,,
DeCosta,Henderson,Tuba Tiger Rag,we,,1495,Hal Leonard,2001/03,
"Dedrich, A",,Mrch of the Missile Men,we,elem band,0803,Kendor,,
Del Borgo,,Aztec Theme & Dance,we,,1299,Kendor,,
Del Borgo,,Chant Variants,we,,1245,Jenson,,
Del Borgo,,Do Not Go Gentle Into That Good,we,,1178,Shawnee,,
Del Borgo,,Music for Winds + Perc,winds/perc,,0944,Shawnee,,
Del Borgo,,Ov for Winds,we,overture,1216,Shawnee,,
Del Borgo,,"Prelude, Passacaglia, & Fugue",we,,1263,Jenson,,
Del Borgo,,Prologue & Dance,we,,1180,Jenson,,
Del Borgo,,Rituale,we,,1244,Shawnee,,
Del Borgo,,Slavonic Dances,we,,1534,Curnow,2003/04,
Delle Cese,,Little Eng. Girl,we/march,march,0849,Pagani & Bros.,,
Dello Joio,,"""Louvre""(Scenes)",we,,1160,Marks/Belwin,,
Dello Joio,,Concertante for Wind Ensemble,we,,0903,Belwin Mills,,
Dello Joio,,Fantasies on a Theme by Hayde,we,,1191,Belwin Mills,,
Dello Joio,,From Every Horizon,we,,0558,Marks,,
Dello Joio,,Satiric Dances,we,,0991,Associated,,
Dello Joio,,Songs of Abelard,we,feature,0785,Marks Music,,
Dello Joio,,Variants on a Mediaeval Tune,we,,0289,Marks,,
DeLucas,Roberts,Beautiful Colorado,we+brass,feature,0043,Fischer,,
DeNardis,Cafarella,"Universal Judgement, The",we,,0044,Fischer,,
Denza,Reed,Funiculi Funicula,we,,1409,Birch Island,2000/02,
DeRose,Yoder,Colorama,we,,0045,Robbins,,
DeRose,Leidzen,Deep Purple,we,,0046,Robbins,,
Deutsch/Altman,Briegel,"Play, Fiddle Play",we,march size,0361,Marks,,
di Capua,"Alford, H","Maria, Mari!",we,march size,0350,Kjos,,
"Diamond, N","Gold, M",Neil Diamond in Concert,we+ch,,0926,Alfred,,
Diemer,,"Brass Menagerie, The",we,,0740,Mills,,
Dillon,,Trooping the Line,we,march size,0362,Dillon,,
Dohnanyi,,Rhapsody,we,,0047,,,
Donaldson,,Little White Lies,we,march size,0363,Leonard,,
"Donaldson, W",Sciacca,"Must be a silver lining, There",we,march size,0602,Feist,,
"Donaldson, W",Sciacca,"Ohio Home, My",we,march size,0600,Feist,,
Donaldson/Ash,Sciacca,Just Once Again,we,march size,0584,Feist,,
Donato,,"Hidden Fortress, The",we,,0048,Boosey +Hawkes,,
Donizetti,Townsend,Mrch for The Sultan Abdul Medjid,we/march,,0677,Mercury,,
Drumm,Clark,"Conqueror's March, The",we/march,march,0049,Schirmer,,
Dubin/Franklin,Yoder,"Anniversary March, The",we/march,march size,0364,Mayfair,,
Duble,,Bravura,we/march,march size,0366,Church,,
"Duffy, Thomas",,Snakes,we,,1521,Ludwig Music,,
"Duke, V",Krance,Autumn in New York,we,,0654,Harms,,
Duncombe,Ployhar,"Fanfare, Air + Trpt Tune",we,elem band,1113,Wynn Music,,
Dvorak,Leidzen,"""New World Symp""(Finale Mvt 4)",we,symophony,1264,Fischer,,
Dvorak,Curnow,"Slavonic Dances, The",we,,1239,Jenson,,
Dykes,Stevens,"Holy, Holy, Holy",we,elem band,1101,Hal Leonard,,
"Eager, F",,2 Chorales,we,,0706,Luverne,,
Earl,Beeler,Beautiful Ohio,we,,0050,Shapiro Bernst,,
Earl,Briegel,Beautiful Ohio,we,march size,0367,"Shapino,Bernst",,
"Edwards, G",Teague,By the Light of the Silvery Moon,we,march size,0365,Remick,,
"Edwards, G",Teague,In my Merry Oldsmobile,we,march size,0369,Witmark,,
"Edwards, S",Erickson,"""1776"" (Selections)",we/broadwa,broadway,0857,Schirmer,,
Elgar,Reed,"""Enigma Variations""(Nimrod)",we,,1293,Mills,,
Elgar,Luckhardt,Pomp + Circumstance March 1,we,march,0051,Boosey,,
Elgar,,Pomp and Circumstance,we,,1473,Edwin F. Kalmu,2000/07,
Elgar,Reed,Pomp and Circumstance,we,,1488,Masters Music,2001/01,
Elgar,Reed,"Severn Suite, The",we,,0910,Fox,,
Ellington,Nestico,"Ellington Festival, An",we,jazz,1181,Jenson,,
Ellington,Werle,"Ellington Portrait, An",we,,0543,Mills,,
Elwell,Nelson,"""Happy Hypocrite, The""(Ov)",we,overture,1128,Fischer,,
Elwell,Nelson,Exhortation,we,,0664,Fema,,
Elwell,Nelson,"Happy Hypocrite, The",we,overture,1020,Fischer,,
Elwell,Nelson,Scherzo,we,,0767,Concert Music,,
Erb,,Stargazing,we,feature,0836,Merion Music,,
Erickson,,1st Symp for Band,we,Symphony,0052,Bourne,,
Erickson,,Air for Band,we,,0301,Bourne,,
Erickson,,Air for Band,we,,0853,Bourne,,
Erickson,,Concertino for Trpt + Band,we+trp,feature,1032,Fischer,,
Erickson,,Little Suite for Band,we,,0927,Bourne,,
Erickson,,Overture Jubiloso,we,,1404,Belwin,2000/02,
Erickson,,Tocatta for Band,we,,1252,Bourne,,
"Evans, G",Briegel,"Good Old Summertime, In the",we,march size,0368,Marks,,
"Evans, M",,C.F.A. March,we,march size,0370,Barnhouse,,
Evans/Parnes,Jay,"Concerto for Knives,Forks,Spoons",we,,1077,September,,
Farrar,,Bombasto,we,march size,0371,Fischer,,
Fauchet,Campbell-Watson,Symp in B-Flat (Nocturne),we,Symphony,0053,Witmark,,
"Feasel, R",,Pride of Ludington,we,March size,0718,Gornston,,
"Fernandez, O",Wolfman,Batuque,we,,0825,Ricordi,,
Fillmore,,Americans We,we,march size,0374,Fillmore,,
Fillmore,Fennell,Americans We,we/march,march,1120,Fillmore,,
Fillmore,,"Crosley March, The",we/march,march size,0373,Fillmore,,
Fillmore,,His Honor,we/march,march size,0372,Fillmore,,
Fillmore,,"Klaxon, The",we/march,march size,0375,Fillmore,,
Fillmore,,Lassus Trmb,we/march,march size,1217,Fillmore,,
Fillmore,,Lassus Trombone,we/march,march size,0376,Fillmore,,
Fillmore,,Lightning Fingers,we+clar,march size,0590,Fillmore,,
Fillmore,,Men of Ohio,we/march,march size,0377,Fillmore,,
Fillmore,,Playfellow,we/march,march size,0378,Fillmore,,
Fillmore,Fennell,Rolling Thunder,we/march,march,1213,Fischer,,
Fillmore,,Slim Trmb,we,march size,0379,Fillmore,,
Finegan/Sauter,Roberts,Doodletown Fifers,we,,0160,Hansen,,
Finlayson,,Storm King,we,march size,0380,Boosey +Hawkes,,
"Fiorito, T",Sciacca,Don't Cry Baby,we,march size,0596,Feist,,
Fishe/Goodwin/Shay,Tyra,When You're Smiling,we,,0262,Mills,,
"Foley, K",,Clear Choice,we,,1182,Jenson,,
Forsblad,,Brandywick Creek,we,elem band,0955,Hal Leonard,,
Forsblad,,Prerogatives for Band,we,,1076,Hal Leonard,,
Foster,"Sebesky, G",Stephen Foster Favorites,we,elem band,0968,Studio 224,,
Foster,Moss,Winter Games(1988 Olympic Theme),we,,1319,Inter'l Olympi,,
"Foster, R",,Fantasia on a Hymn by Praetorius,we,,1321,Wingert-James,,
"Fote, R",,Niagara (Ov),we,overture,0675,Kendor,,
"Fote, R",,Step Up Mrch,we,elem. band,0708,Kendor,,
Frackenpohl,,Dance Ov,we,overture,1041,Belwin Mills,,
Frackenpohl,,Variations for Tuba and Winds,we+tuba,,1379,Shawnee Press,,
Franceschini,Nagel,Sonata for 2 Trmpt,we+2 trp,feature,1030,Marks,,
Franck,"Reed, A",Panis Angelicus,we,,1316,Barnhouse,,
Freedman,De Knight,Rock around the clock,we,march size,0381,Leonard,,
Frescobaldi,Gray,Preambulum & Canzona,we,,0259,Mills,,
Frescobaldi,Slocum,Toccata,we,,0055,Mills,,
Friedemann,"Duthoit, C",Slavonic Rhap #2,we,,0054,Boosey +Hawkes,,
"Friedman, L","Alfred, H",Let me call you Sweetheart,we,march size,0382,Paull-Pioneer,,
"Friedman, R",,Windy,we,march size,0763,Irving Music,,
Friend,Sciacca,You're a real Sweetheart,we,march size,0598,Feist,,
"Fry, Tommy",,Triptych,we,,1507,Carl Fisher,2002/03,
Fucik,Chenette,Entry of the Gladiators,we/march,March,0056,Rubank,,
Fucik,Fennell,Florentiner March,we/march,march,1146,Fischer,,
Fulton,,Paragon,we,march size,0383,Fillmore,,
Gabrieli,Schaefer,Sonata Piano Forte,we,,0303,Elkan-Vogel,,
"Garcia, R",,Sea Bird,we,,0900,KSM,,
Garland,Clark,In the Mood,we,,1408,Barnhoose,2000/02,
"Gastyne, S",,"Fireworks (Symp #2, Mvmt 4)",we,symphony,0628,LeBlanc,,
"Gates, G",,La Contessa,we,,0791,Southern,,
Gaunt,,"Bowery, The",we,march size,0591,Ascher,,
Genen/Skylar,,You're Breaking My Heart,we,march size,0384,Leonard,,
"George, D",Yoder,"Yellow Rose of Tx, The",we,march size,0607,Planetary,,
Gershwin,Krance,"American in Paris, An",we,,0240,Harms,,
Gershwin,Moss,"American in Paris, An",we,,1327,Warner Bros.,,
Gershwin,Bennett,George Gershwin Selections,we,Broadway,0057,"Harms, Inc.",,
Gershwin,Bennett,Gershwin Medley for Band,we,feature,0848,New World,,
Gershwin,Higgins,I Got Rhythm!,we+perc,feature,1259,Warner Bros,,
Gershwin,,Porgy and Bess,we,march,0247,,,
Gershwin,Barnes,Porgy and Bess,we,,1548,Belwin,2003/04,
Gershwin,Bowles,Porgy and Bess (March Ov),we,march size,0646,Chappell,,
Gershwin,Lowden,Porgy and Bess (Medley),we,broadway,1270,Hal Leonard,,
Gershwin,Bennett,Porgy and Bess (Selections),we,Broadway,0058,Gershwin/Chapp,,
Gershwin,Edmondson,Prelude II (Prelude for Piano),we,,1201,New World,,
Gershwin,Barker,Someone to Watch Over Me,we,,1556,Warner Bros.,2004/05,
Gershwin,Barker,Strike up the Band,we,,1342,New World Musi,,
Gershwin,Custer,Summertime,we,,1492,Warner Bros.,2001/03,
Gershwin,Barker,"Symphonic Gershwin, The",we,medley,1238,Jansen,,
"Giacchino, Michael",Bocook,"Music from ""The Incredibles""",we,,1574,,,
Gianinni,,Sym #3,we,symphony,0295,Ricordi,,
Giannini,,Dedication Ov,we,overture,0542,Franco Columbo,,
Giannini,,Fantasia for Band,we,symphony,1227,Belwin Mills,,
Giannini,,Praeludium & Allegro,we,,0059,Ricordi,,
Giannini,,Sym #3,we,symphony,0861,Columbo,,
Gibb et al,Nowak,"""Sat Ngt Fever""(How Deep is Your",we,elem band,1116,Brothers Gibb,,
Gibbons,McLin,Renaissance Suite,we,,0060,Pro Art,,
"Gigoux, G",,Cindy Meets the Band,we,elem. band,0711,Luverne,,
Gilliland,,Spirit of Wittenberg,we,march,0809,Manuscript,,
Gillingham,,Be Thou My Vision,we,,1539,C. Alan,2003/04,
Gillingham,,"Heroes, Lost, & Fallen",we,,1398,Composer's Ed.,Apr /94,SP/94
Gillis,,Harvest Celebration (6th Mvmt),we,,0061,Kjos,,
Gillis,,"Lazy Days, The (4th Mvmt)",we,,0062,Kjos,,
Gillis,,Thrashing Bee (5th Mvmt),we,,0064,Kjos,,
Gillis,Ford,Tulsa,we,,0063,Mills,,
Gillis,,Unistrut,we,March,0065,Interlochen,,
Gilmore,Elkus,"Norwich Cadets, The",we,200th Cele,0983,JCPenneys,,
"Gingery, R",,Feelin' Fine,we,,1087,Wm Allen Music,,
Giovannini,"Robinson, W",Alla Barocco,we,,1343,Sam Fox,,
Giovannini,Robinson,Chorale & Capriccio,we,,1043,Sam Fox,,
Giovannini,Robinson,Jubilance,we,overture,1257,Sam Fox,,
Giovannini,Robinson,Ov in B-flat,we,overture,0632,Sam Fox,,
"Giovannini, Caesar","Robinson, Wayne",Overture in C,we,,1549,Belwin,2003/04,
"Giroux, G",,Sing With the Band,we,march size,0709,Luverne,,
"Giroux-West, Julie",,Prisoner of the Ring,we,,1405,SMC,2000/02,
"Glaser, S",,Symphonic Episode,we,symphony,0985,Schmitt,,
Glazer/Engelmann,Yoder,Melody of Love,we,march size,0385,Presser,,
Gliere,Bainum,"""Ilia Murometz""(Symp #3)",we,,1026,Kjos,,
Gliere,Leidzen,Russian Sailors Dance,we,symphony,0252,Fischer,,
Gliere,Bainum,Symp #3 (1st Mvmt),we,symphony,0066,Educ Music Ser,,
"Gold, E",Reed,"""Exodus""(Highlights)",we,,0685,Chappell,,
"Goldman, EF",,Am Grand Mrch,we/march,March,0067,Fischer,,
"Goldman, EF",Leidzen,"Amer Way, The",we/march,march size,0387,Sam Fox,,
"Goldman, EF","Erickson, F",Cheerio Mrch,we/march,march,1121,Schirmer,,
"Goldman, EF","Goldman, EF","Chimes of Liberty, The",we/march,march size,1218,United Artists,,
"Goldman, EF",,Eagle Eyes,we/march,march size,0388,Fischer,,
"Goldman, EF",,Emblem of Freedom,we/march,march size,0389,Fischer,,
"Goldman, EF",,On the Alert,we/march,march size,0390,Fischer,,
"Goldman, EF",Lake,On the Mall,we/march,march size,0386,Fischer,,
"Goldman, EF",,On the Mall,we/march,march,1055,Fischer,,
"Goldman, EF",,University Grand Mrch,we/march,March,0068,Fischer,,
Goldmark,Laurendeau,Bridal Song,we,Symphony,0069,Fischer,,
Goldsmith,"Lowden, R","""Waltons""(Theme)",we,,0953,Roliram,,
Gomez,Fall,In Guarany,we,overture,0070,Rubank,,
"Gordon, L",,Man & Machine,we,,1134,Franco Columbo,,
Gorham,,Symphonic Sketches,we,we,1374,Wingert-Jones,  09/92,11/92
Gottler/Yoder,,"Am., I Love You",we,march size,0592,Kalmar,,
Gottschalk,Williams,Night in the Tropics,we,,1533,Alfred,2003/04,
Gould,,American Salute,we,,0820,Mills Music Co,,
Gould,,Dixie,we,feature,0874,Chappell,,
Gould,,Jerico Rhap,we,,0659,Mills,,
Gould,Yoder,Pavanne,we,,0071,Mills,,
Gould,Brunelli,Revolutionary Prelude,we,,0634,Chappell,,
Gould,Yoder,Windjammer,we,,0072,Chappell,,
"Gould, Morton",,Horseless Carriage Gallop,we,,1470,,2000/07,
"Gould, Morton",,Old Romance from,we,suite,1470,G&C,2002/03,
Gounod,Wood,"""Faust Frolics""",we,opera,0183,Chappell,,
Gounod,Steg,"""Faust""(Prelude)",we,opera,0073,Summy,,
Gounod,"Glover, Andrew",Festive Dance from Faust,we,,1523,Barnhouse,2003/04,
Gounod,Laurendeau,March Pontificale,we/march,march size,0391,Fischer,,
Grainger,Bainum,Australian Up-Country Tune,we,,1230,Schirmer,,
Grainger,Jager,Blithe Bells,we,,1330,G. Schirmer,,
Grainger,Erickson,Children's March,we/march,march,1124,Schirmer,,
Grainger,,Colonial Song,we,,0658,Fischer,,
Grainger,Clark,Country Gardens,we,,0074,Schirmer,,
Grainger,"Goldman, RF",Handel in the Strand,we,,1276,Galaxy,,
Grainger,,Hill Song #2,we,,1056,Leed Music Co,,
Grainger,,"Immovable Do, The",we,,1339,G. Schirmer,,
Grainger,,Irish Tune/Shepards Hey,we,,0304,Fischer,,
Grainger,,Lincolnshine Posy,we,,0538,Schirmer,,
Grainger,,Power of Rome/Christian Heart,we,features,0883,Mills Music Co,,
Grainger,Osmon,Scotch Strathspey + Reel,we,,1177,TRN Music Pub,,
Grainger,"Clark, Larry",The Sussex Mummers Christmas Car,we/xmas,,1444,Warner Bros,2000/02,
"Grainger, Percy",Rogers,The Gum Suckers March,we,,1590,,,
"Green, B",,Meet the Band Sect by Sect,we+section,elem band,1009,Leeds,,
"Green, B",,Raymond's Folly,we,,0241,Mills,,
Greenwood,,Circus,we,,0075,E.P.I.C.,,
"Gregson, Edward",,Partita,we,,1510,G&M Publicatio,2002/04,
Grieg,Chenette,Huldigungsmarch,we,march,0077,Rubank,,
Griffes,Wightman,Poem,we + fl,feature,0076,manuscript,,
Griffes,Thornton,Poem,we + fl,,1029,G Schirmer,,
Griselle,Leidzen,"""2 American Sketches"" (Nocturne)",we,,0078,Robbins,,
Grofe,Yoder,Paris Portrait,we,,0530,Kjos,,
"Gruber, Franz",Davis & Longfield,Stille Nacht,we/xmas,,1446,Hal Leonard,2000/02,
Grundman,,3 Sketches for Winds,we,feature,1038,Boosey +Hawkes,,
Grundman,,American Folk Rhap,we,,0702,Boosey +Hawkes,,
Grundman,,"American Folk Rhap, #4",we,,1053,Boosey +Hawkes,,
Grundman,,"Blue Tail Fly, The",we,,0079,Boosey +Hawkes,,
Grundman,,Burlesque for Band,we,,0649,Boosey +Hawkes,,
Grundman,,"Colonial Legend, A",we,,1042,Boosey +Hawkes,,
Grundman,,Fant on American Sailing Song,we,,0080,Boosey +Hawkes,,
Grundman,,Harlequin,we,,0272,Boosey +Hawkes,,
Grundman,,Hebrides Suite,we,,0273,Boosey +Hawkes,,
Grundman,,"Irish Rhap, An",we,,0843,Boosey +Hawkes,,
Grundman,,Norwegian Rhap,we,,1104,Boosey +Hawkes,,
Guentzel,,Commandante Marche Espanole,we,march,0081,Barnhouse,,
Guidry,,See You Later Alligator,we,march size,0392,Leonard,,
"Guild, T.H.",,Illinois Loyalty,we,,1535,Hal Leonard,2003/04,
"Guilmant, A",,Monceau Symphonique,we,feature,0559,Pro Art,,
"Haddad, D",,Air & Adagio,we+ww5,feature,0978,Shawnee,,
"Haddad, D",Clemons,Suite for Tuba,we+tuba,feature,1190,Shawnee,,
"Hagen, Daron Aric",Speede,Wedding Dances,we,,1592,,,
"Hagan, E",,Harlem Nocturne,we+sax,feature,1159,Shapiro,,
Hagen,"Christensen, J","""Dick Van Dyke""(Theme)",we,elem band,0802,Studio,,
Haines,,Medal of Honor,we/march,march size,0393,Cundy-Bettoney,,
"Hall, HB",,S.I.B.A.,we/march,march size,0402,Fischer,,
"Hall, JT",,"Orthophonic, The",we/march,march size,0401,Irving,,
"Hall, RB",,10th Regiment,we/march,march size,0403,Fischer,,
"Hall, RB",,Albanian March,we/march,march size,0394,Fischer,,
"Hall, RB",,Dunlap Commandery,we/march,march size,0396,Fischer,,
"Hall, RB",,Gardes Du Corps,we/march,march size,0395,Church,,
"Hall, RB",,"New Colonial March, The",we/march,march size,0397,Church,,
"Hall, RB",,Officer of the Day,we/march,march size,0400,Lyon-Healy,,
"Hall, RB",,Palatinus March,we/march,march size,0569,Church,,
"Hall, RB",,Philo Senate March,we/march,march size,0399,Church,,
"Hall, RB",,"Waving Colors, Our",we/march,march size,0398,Fillmore,,
Hamlisch,Barker,"""A Chorus Line"" Spectacular",we,broadway,1157,Jenson,,
Hamlisch,"Lowden, B","""Playing my song, They're""(Th)",we,elem band,1137,Hal Leonard,,
Hamlisch,Barker,Marvin Hamlisch Showcase,we,medley,1171,Hal Leonard,,
Handel,Balent,Handel Miniatures,we,,0954,Studio P/R,,
Handel,Ostling,Royal Fireworks Music,we,,0862,Belwin,,
Handel,Schaefer,"Royal Fireworks Music, The",we,,1371,Highland,,
Handel,Gordon,Siciliano & Gavotte,we,elem band,0957,Hal Leonard,,
Handel,"Kay, H",Water Music Suite,we,,1232,Presser,,
Handel,Erickson,Water Music Suite,we,,1314,Belwin Mills,,
Handel & Watts,"Davis, Chip",Joy To The World,we/xmas,,1460,Hal Leonard,2000/03,
Handlon,,Drum Major's Special,we,march size,0404,Boosey +Hawkes,,
Handy,Grey,St Louis Blues March,we/march,march size,0405,Handy,,
Handy,Joseph Paulson,St. Louis Blues,we,March,0082,Handy Bros,,
Hangen,,Majesty of the Colors,we+cnttrio,feature,0084,Pro-Art,,
"Hanson, H",,Chorale & Alleluia,we,,0242,Fischer,,
"Hanson, H",,Dies Natalis,we,,0912,Fischer,,
"Hanson, H",,Laude,we,,1011,Fischer,,
"Hanson, H",Garland,Merry Mount Suite,we,,0635,Fischer,,
"Hanson, H",McBeth,"Symphony #2 ""Romantic"" mvmt 3",we,,1447,Eastman Sch-o-,2000/02,
"Hanssen, J",Bainum,"""Valdres""",we/march,,1197,Boosey +Hawkes,,
"Hart, Paul",,Carnaby Street,we,,1546,G&M Brand,2003/04,
Hartley,Fuller,"Fuguing Tune, A",we,,0739,Shawnee Press,,
"Hartley, W",,Concertino for Tuba and WE,we+tuba,feature,0932,Presser,,
"Hartley, W",,Sinfonia No 4,we,symphony,0808,MCA Music,,
Harvey,,Band Sonata,we,,0083,Kjos,,
"Haskins, R",,Concert Music for WW Quintet+WE,we+ww quin,feature,0281,Manuscript,,
Hathaway,,Fanfare and Playoffs (6),we,march size,0406,Robbins,,
Hauglie,,Matoskan,we,march size,0407,Fillmore,,
Hayden,Duthoit,Concerto for B-flat Corn,we+cornet,feature,0085,Chappell,,
"Haydn, J",Wilcox,St. Anthony Divertimento,we,,0705,Schirmer,,
"Hayes, A",,"Black Mask, The",we,march size,0408,Fillmore,,
"Hayes, A",,Duke St.,we,march size,0409,Fillmore,,
"Hayes, A",,Longtone,we,march size,0410,Fillmore,,
"Hayes, A",,"Monitor, The",we,march size,0411,Fillmore,,
"Hayes, A",,Onward Christian Soldier,we,march size,0412,Fillmore,,
"Hayes, A",,Organ Echoes,we,march size,0413,Fillmore,,
"Hayes, A",,Peace & Prosperity,we,march size,0414,Fillmore,,
"Hayes, A",,"Universe, The",we,march size,0416,Fillmore,,
Hazel,,"Challenge, The",we,march size,0417,Fillmore,,
"Hazelman, H",,Dance Var. on an Obscure Theme,we,,0817,Shawnee Press,,
"Hazelman, H",,"Sh. Ballet for Awkward Dancers,A",we,,0648,Shawnee Press,,
"Hazo, Samuel R.",,Ride,we,,1563,Boosey& Hawkes,2004/05,
Head,,"Storm & Sunshine, In",we/march,march size,0418,Fillmore,,
"Hearshen, Ira",,Symphony on Themes of JPS Thunde,we,,1466,Ludwig Music,2000/03,
Hedman,Tobani,Sven Dufva,we,overture,0086,Ludwig,,
"Heins, J",,Ov for Band,we,overture,1322,Kjos,,
Heisinger,,Essay for Band,we,,0655,Shawnee Press,,
Hemy,Ployhar,Faith of our Fathers,we,elem band,1102,Hal Leonard,,
Henderson,"Schoenfeld, Wm",Lucky Day,we,march size,0419,Harms,,
"Henderson, K",,Cha Cha Banana,we,elem band,0769,Pro Art,,
Hennagin,,Dance Scene,we,,1106,Jenson,,
Hennagin,,Jubilee,we,,1010,Walton Music,,
Henson/Pottle,Brockner,"""The Muppet Show""(Theme)",we,,1140,ATV Music Ltd.,,
Herbert,Seredy,22nd Regiment,we/march,march size,0420,Fischer,,
Herbert,Radford-Bennett,"Gold Bug, The",we,200th Cele,0983,JCPenneys,,
Herbert,Langey & Clarke,March of the Toys,we/xmas,,1463,Southern Music,2000/11,
"Herder, R",,Spanish Montunos,we,,0884,Continuo Press,,
Herman,Cacavas,"""Hello, Dolly""(Highlights)",we,broadway,0287,Morris,,
Herman,Krance,"""Mame""(Highlights)",we/broadwa,broadway,0663,Morris,,
Hermann,,Ballet for Young Amer,we,,0088,Ed Mus Ser,,
Hermann,,Concord Ov,we,overture,0087,Fischer,,
"Hermann, R",,Concerto for Horn,we+horn,feature,1152,Educ Music Ser,,
"Herold, L.J.F.","Safranek, V.F.",Zampa Overture,we,,1424,Carl Fischer,2000/02,
Hershey/Swander,Yoder,Deep in the Heart of Tx.,we,march size,0421,Southern,,
Hewitt,Elkus,Battle of Trenton,we,,0952,JCPenney Co,,
Heyser,,"""Old Trails"", The",we,march size,0422,Fillmore,,
Heywood and Gimbel,Warrington,Canadian Sunset,we,,0090,Meridian,,
Higgins,,Departure 1 (Winds+perc),we,march,0890,Creative,,
"Hill, WH",,Danses Sacred & Profane,we,,1059,Barnhouse,,
"Hiller, R",,Wittenberg Hymn,we,,0225,Board of Dir W,,
Hilliard/Mann,,Dearie,we,march size,0567,Laurel,,
Hindemith,"Wilson, K","""Symphonic Metamorphosis""(Mrch)",we,march,1193,Schott,,
Hindemith,,Sym in B-flat,we,symphony,0089,Assoc. Music,,
"Hirsh, Nurit","Conley, Lloyd",Bashana Haba 'Ah,we/hanukah,,1415,Hal Leonard,2000/02,
Hoffman/Merill/Wat,,If I Knew You Were Coming,we,march size,0423,Leonard,,
Holcker,,La Jota,we,,0091,Manuscript,,
"Holcombe, B",,Windfall for WW,we,feature,0904,Musicians Pub,,
Holland,,March,we,March,0092,,,
"Holmes, GE",,Alkahest,we,march size,0424,Barnhouse,,
"Holmes, GE",,Tarantella,we,,0093,Witmark,,
Holsinger,,"Gathering Ranks at Hebron, The",we,,1361,TRN Music,  03/92,03/92
Holsinger,,Gmyway's Revenge,we,,1468,TRN Music,2000/03,
Holsinger,,In the Spr-At the Time When King,we,,1401,Southern,Apr /94,
Holsinger,,Liturgical Dances,we,,1390,Southern,FALL/93,
Holsinger,,Prairie Dances,we,,1474,TRN,2000/07,
Holsinger,,Prelude & Rondo,we,,1021,Barnhouse,,
Holsinger,,Sinfonia Voci,we,,1395,TRN,FALL/93,
Holsinger,,To Tame the Perilous Skies,we,,1545,TRN Music,2003/04,
Holst,Jacob,"""Moorside Suite""(Moorside March)",we/march,march,0308,Boosey +Hawkes,,
Holst,"Jacob, G","""Moorside Suite""(Scherzo & Noc)",we,,1209,Boosey +Hawkes,,
Holst,,"""The Planets""(Jupiter)",we,,0823,Boosey +Hawkes,,
Holst,,"""The Planets""(Mars 1st Mvmt)",we,,0666,Boosey +Hawkes,,
Holst,,1st Suite in E-flat,we,,0540,Boosey +Hawkes,,
Holst,,2nd Suite in F,we,,0541,Boosey +Hawkes,,
Holst,,3 Folk Tunes (Orig),we,,1262,Jenson,,
Holst,,Hammersmith,we,,0094,Hawkes,,
Holst,"Smith, Robert W.",In the Bleak Midwinter,we,,1452,Warber Bros,2000/02,
Holst,,Marching Song,we,,1505,Studio Music,2002/03,
Holst,Wright,"Moorside Suite, A",we,,1203,Jenson,,
Holst,Curnow,Songs of the West,we,,1315,Jenson,,
Holst,,Turn Back O Man,we,,0827,Galaxy Music,,
"Hooper, L",,Riots of Spring,we,feature,0885,Creative,,
"Horner, James","Custer, Calvin",Titanic,we,,1451,Hal Leonard,2000/02,
"Hosay, James",,For Unto You is Born this Day,we/xmas,,1527,Curnow,2003/04,
"Howard, G",Werle,Pacific Nat. Exibition Mrch,we,march,0249,Mills,,
"Howard, J",,I wonder who is kissing her now,we,march size,0425,Leonard,,
Howland,,Mood Mauve,we,,0095,Witmark,,
Huff,,Alamo,we/march,march size,0426,Fillmore,,
Huff,,Ironclad,we/march,march size,0427,Fillmore,,
Huff,,La Cascade,we/march,march size,0427,Fillmore,,
Huff,,"Premium, The",we/march,march size,0428,Fillmore,,
Huff,,"Show Boy, The",we/march,march size,0429,Fillmore,,
Huff,,Tuxedo,we/march,march size,0430,Fillmore,,
Huffer,,Nat. Music Educators March,we/march,march size,0432,Columbia,,
Huffer/Mader,,March of the Champions,we/march,march size,0431,Chart,,
Huffine,,Them Basses,we/march,march size,0433,Fillmore,,
Huffnagle,,Dancing Caballero,we,,0096,Barnhouse,,
Hughes,,Acropolis Mrch,we,march size,0434,Fillmore,,
Hughes,,Aurora,we,march size,0435,Fillmore,,
"Hultgren, Ralph",,Bush Dance,we,,1426,Brolga Music,2000/02,
"Hummel, JN",,Hummel Trp Concerto,we+trp,feature,1162,Robert King,,
Humperdinck,Maddy,Prayer & Dream Pantomime,we/opera,opera,0097,Remick,,
Husa,,Apotheosis of this Earth,we,,0872,Associated,,
Husa,,Music for Prague-1968,we,,0816,Associated,,
Husa,,Smetana Fanfare,we,,1333,Associated,,
"Hutchison, W",,Fant - Var on Southern Hymn,we,,1095,Kjos,,
Ippolitov-Ivanov,Johnson,"""Caucasian Sketches""(Theme)",we,,0099,Belwin,,
Ippolitov-Ivanov,"Ployhar, James",Procession,we,,1502,Warner Bros.,2002/04,
Ives,Sinclair,"""1776""(Ov and Mrch)",we,,0993,Merion,,
Ives,Sinclair,"""Country Band""(Mrch)",we,march,0949,Merion,,
Ives,Elkus,Circus Band,we+chorus,feature,0988,Peer Intl,,
"Ives, C",Rhoads/Shuman,"Var on ""America""",we,,0831,Merion Music,,
"Ives, Charles","Elkus, Jonathon",Old Home Days,we,,1506,Peer Music,2002/03,
Jacob,W.J. Duthoit,Fantasia on the Alleluia Hymn,we,march,0534,Chappell,,
Jacob,Curnow,Festal Mrch,we,march,1266,Jenson,,
Jacob,,Flag of Stars,we,,0846,Boosey +Hawkes,,
Jacob,,Music for a Fest,we,,0539,Boosey +Hawkes,,
Jacob,,"Original Suite, An",we,,1242,Boosey +Hawkes,,
Jacob,,Pre to Comedy,we,overture,1204,Jenson,,
Jacob,,Suite in B-flat,we,,1229,R. Smith & Co.,,
Jacob,,Tribute to Canterbury,we,,1092,Boosey +Hawkes,,
Jacob,Steadman-Allen,When Johnny Comes Marching Home,we,,1307,R. Smith & Co.,,
Jacob,,William Byrd Suite,we,,0100,Boosey + Co.,,
Jager,,"""Dramatic""(Mrch)",we,march,0792,Southern,,
Jager,,3rd Suite,we,,1241,Volkwein Bros,,
"Jager, Robert",,Diamond Variations,we,,1530,Belwin,2003/04,
"James, B",Taylor,Dream Journey,we,,1086,Wm Allen Music,,
"Jarre, M","Reed, A",Lawrence of Arabia,we,,1336,Warner Bros.,,
"Jean, Saint Paul",Werle,Czardas D'Amour,we,,0101,M.A.P. Edition,,
"Jelesnik, E",Baker,J.F.K. Mrch,we,march size,0694,Mills,,
"Jenkins, JW",,American Overture for Band,we,overture,0260,Presser Co,,
"Jessel, Leon","Ford, Ralph",Parade of the Wooden Soldiers,we/march,,1544,Belwin,2003/04,
Jewell,,E Pluribus Unum,we/march,march size,0436,Barnhouse,,
Jewell,,Officer of the Guard,we/march,march size,0346,Barnhouse,,
Jewell,,Officer of the Guard,we/march,march size,0437,Barnhouse,,
Jewell,,Quality-Plus,we/march,march size,0438,Barnhouse,,
"Jobim, Antonio","Ricketts, Ted",The Girl From Ipanema,we,,1541,Hal Leonard,2003/04,
Joel,Cofield,Just the Way You Are,we,elem band,1147,Hal Leonard,,
"Johnson, CJ","Alford, H",Blushing Rose,we,march size,0621,Rossiter,,
"Johnson, Clair",,3 Slippers,we+trmbone,feature,0102,Rubank,,
Johnson/Tobias/She,,Dew-Dew-Dewy-Day,we,march size,0595,Berlin,,
Jolson/DeSylva/Mey,,Cal. Here I Come,we,march size,0439,Witmark,,
Jolson/Dreyer/Rose,,Me & My Shadow,we,march size,0440,Berlin,,
Joplin,Marciniak,"Chrysanthemum, The",we,march,1214,Associated,,
Joplin,Curnow,Maple Leaf Rag,we,,1344,Jenson,,
"Joplin, S","Reed, A","Entertainer, The",we,,0930,Presser,,
"Jutras, Andre",,C'est Noel,we/xmas,,1435,C.L Barnhouse,2000/02,
Kabalevsky,Beeler,Colas Breugnon Ov,we,overture,1136,Shawnee,,
Kabalevsky,Leidzen,Comedians' Gallop,we,,0103,Leeds,,
Kaihan/Scott/Stewa,Walters,Now is the Hour,we,march size,0441,Leeds,,
Kalinnikov,Bainum,Symp #1 in G-minor (Finale),we,symphony,0104,Educ Musi Serv,,
Kalinnikov,Bainum,Symp #1 in G-minor (Finale),we,symphony,1228,Ed Music Ser,,
Kamen,Lavender,Robin Hood (Prince of Theives),we/film,movie,1375,Zachery Creek,  01/93,WI/93
"Kamen, Michael","Moss, John",An American Symphony (Mr Holland,we/film,,1429,Hal Leonard,2000/02,
"Karg-Elert, S",Rhoads,Sabbath Music,we,,0835,Southern,,
"Karmen, S",,Medley of Budweiser Songs,we,,1225,Elsmere Music,,
Kellerhouse,Stoner,When going gets tough,we,march Size,0807,Joe T Marble,,
Kennan,,Night Soliloquy,we+flute,feature,1122,Fischer,,
Kenny,,Coat of Arms,we/march,march,0255,,,
Kenny,,Coat of Arms,we/march,march,1272,Summy-Birchard,,
"Kepner, F",,Typical Tropical,we,,0895,Elkan-Vogel,,
Kern,Wright,"""Roberta""(Selections)",we,broadway,0105,Chappell,,
Kern,Jones,"""Show Boat""(Selections)",we/broadwa,Broadway,0106,Chappell,,
Kern,Lindemann,Smoke gets in your eyes,we,march size,0442,Harms,,
"Kessner, D",,Wind Sculptures,we,,1090,Broude,,
Ketelbey,,"Clock, The+Dresdan Figures, The",we+solo,feature,0107,Bosworth,,
Ketelbey,,"Persian Market, In a",we,,0108,Bosworth,,
Ketelbey,Godfrey,Sanctuary of the Heart,we,,0109,Bosworth,,
Key,Moffit,Fan + Star Spangled Bannner,we,march size,0721,Hal Leonard,,
Key,"Hayes, A","Star Spangled Banner, The",we,march size,0415,Fillmore,,
"Kidd, B",,Latin Winds,we,,1088,Wm Allen Music,,
"King, KL",,Barnum & Baily's Favorites,we/march,march,1271,Barnhouse,,
"King, KL",Kerchner,Barnum and Bailey's Favorite,we/march,,1526,Belwin,2003/04,
"King, KL",,Emblem of Freedom,we/march,march size,0443,Seitz,,
"King, KL",,"Huntress, The",we/march,march size,0444,Barnhouse,,
"King, KL",,King Henry,we/march,march size,0446,King,,
"King, KL",,"Lieutenant-Commander, The",we/march,march size,0447,King,,
"King, KL",,"Night in June, A",we/march,march size,0618,Barnhouse,,
"King, KL",,"Ohio Special, The",we/march,march size,0448,King,,
"King, KL",,"Purple Pagent, The",we/march,march size,0445,King,,
"King, KL",,Trmb King,we/march,march size,0449,King,,
"King, KL",,"Troubador, The",we/march,march size,0580,Barnhouse,,
King/Stewart/Price,,Slow Poke,we,march size,0450,Leonard,,
"Kinyon, J",,Amer Mrch,we,march size,0760,Luverne,,
"Kinyon, J",,Ceremonial Mrch,we,march size,0710,Luverne,,
"Kinyon, J",,Jazz in a Mellow Mood,we,elem band,0998,Alfred,,
"Kinyon, J",,Ocala Mrch,we,march,0781,Alfred Mus Co,,
"Kinyon, J",,"Phantom Bugle, The",we,elem band,0889,Alfred Mus Co,,
"Kinyon, J",,"Time is Now,The(Beethoven Persp)",we,,0958,Alfred,,
"Kirk, T",,Smoky Mountain Suite,we,,0662,Summy,,
Klohr,,Heads Up,we,march size,0570,Church,,
"Konagaya, S.",,Japanese Tune,we,,1593,,,
Kopetz,,"Variations on ""Lobe Den Herrn""",we,,1405,Alfred,2000/02,
"Korte, K",,Gestures,we+cl+bass,,0897,Elkan-Vogel,,
Kosma,,Autumn Leaves,we,march size,0451,Leonard,,
Koury,Shahin,Gunsmoke Mrch,we,march size,0750,Luverne,,
"Kraemer, H",,Winds & Voices,we,,0728,Tempo,,
"Kurka, R",,"Good Soldier Schweik Suite, The",we,,0834,Weintraub Mus,,
"Laas, B",,"Concert Digest, A",we+n,,0925,Belwin,,
LaGassy,,Sequoia (A Tone Painting),we,,0110,Kjos,,
"Lake, ML",,Lakesonian March,we/march,march size,0452,Fischer,,
"Lamm, R",,Saturday in the Park,we,,0922,Hansen,,
Larew,,Highway Patrol,we,march size,0453,Dalbey,,
"Larson, Jonathon","Bocook, Jay",Music From Rent,we,broadway,1462,Hal Leonard,2000/03,
Latham,,Plymouth,we,,0766,Summy-Birchard,,
Latham,,Proud Heritage,we/march,march,0257,Summy-Birchard,,
Lauder,,Blue Note Rhap,we,elem band,0997,Alfred,,
Lauder,,Rocko Poco,we,elem band,0920,Alfred,,
Laurendeau,,Armada,we,march size,0571,Fischer,,
Laurendeau,,Flag of Truce,we,march size,0568,Fischer,,
Laurendeau,,Flying Colors,we,march size,0453,Fischer,,
Laurendeau,,Land of the Maple,we,march size,0455,Fischer,,
"Lauridsen, Morten",Reynolds,O Magnum Mysterium,we,,1568,Peer Music,2006/07,
LaValle,,United Press Mrch,we,march size,0456,S. Fox,,
Lavalle/Tarto,,"Trpt Polka, The",we+Tmpt,feature,0112,Sam Fox,,
Lavalle/Ventre,,Pitter Pat Parade,we,March,0111,Sam Fox,,
Lawrence,"Newsom, T",Contentment Eb Sax Solo+Band,we+sax,feature,1034,Kendor,,
Lawrence,Sciacca,Honolulu Moon,we,march size,0583,Feist,,
"Leckrone, M",,Matrix,we,overture,1049,Studio 224,,
Lecocq,Barnes,Girofle - Girofla,we,,0683,Barnhouse,,
Lecuona,Anthony,"""Andalucia""(Cordoba)",we,,0113,Marks,,
Lecuona,"Nestico, Sammy",Malaguena,we,,1498,Hal Leonard,2001/03,
"Lee, J",,Armistice Day,we,march size,0611,Leonard,,
"Lee, J",,"Big Top, The",we,march size,0613,Leonard,,
Lee/Manners,Briegel,Pennsylvania Polka,we,march size,0457,Sharpiro-Berns,,
"Leemans, Pierre","Wiley, Charles A.",Marche Des Parachutis Tes Belges,we/march,march,1431,TRN,2000/02,
"Legrand, M","Polster, I",Michel Legrand in Concert,we,,0924,Big 3,,
Leibowitz/Frank/Ba,Yoder,My Indiana,we,March size,0689,Loop,,
Leidzen,,Danish Rhap,we,,0294,Mills,,
"Leigh, M",Red,"Dream is Amer, The",we,,0972,JC Penney,,
"Leigh, M",Erickson,"Impossible Dream, The",we,,0741,Sam Fox,,
Leigh/Coleman,Warrington,"""Wildcat""(Hey, Look Me Over)",we,march,0544,Morris,,
Leslie/Goetz/Meyer,,For Me & My Gal,we,march size,0594,Mills,,
Letts,Wright,"""Silver Jubilee Mrch""",we,march,0183,Chappell,,
"Lewis, J",Phillips,England's Carol,we,,0535,MJQ,,
"Lewis, W",,All Hail the Power,we,march size,0461,Fillmore,,
Lewis/De Rose,Yoder,"Song of the Seabees, The",we,march size,0460,Robbins,,
Leyden,,Serenade for a Picket Fence,we+xylo,features,0783,Educ Music Ser,,
Liszt,Helfer/Kent,Les Preludes,we,,0115,Fischer,,
Lithgow,,Invercargill,we/march,march size,0462,Fischer,,
Lithgow,Lake,Sons of New Zealand,we,march size,0463,Fischer,,
Livingston,,Mona Lisa,we,march size,0464,Leonard,,
"Lloyd Webber, Andr",Custer,The Music of the Night,we/broadwa,,1499,Hal Leonard,2001/04,
Loesser,"Fearing, S",New Ashnolean Marching Song,we,elem band,0923,Frank,,
Loewe,Yoder,"""Camelot""(Highlights)",we/broadwa,broadway,0679,Chappell,,
Loewe,Cacavas,"""My Fair Lady""",we/broadwa,march size,0564,Cappell,,
Loewe,Bennett,"""My Fair Lady""(selections)",we/broadwa,Broadway,0118,Chappell,,
"Lombardo, G",Sciacca,Last Night I Dreamed You Kissed,we,march size,0605,Feist,,
Lombardo/Green,Sciacca,Coquette,we,march size,0582,Feist,,
Long,,Art Show,we,,1022,Presser,,
Long,,Concertino Quin+Band,we+ww5,feature,0282,Leblanc,,
Long,,Yankee Doodle(Symp Var),we,,0116,Rubank,,
Longfield,,And the Mountains Echoed Gloria,we/xmas,,1482,C.L. Barnhouse,2000/11,
"Losey, FH",,"Cavalier Polka, The",we+cor,feature,0117,Star Music,,
Lovas,Haskin,"Armed Forces March, The",we/march,march size,0465,Lovas,,
"Lowden, B",,Feelings,we,,1052,Barnhouse,,
Lowe,Osterling,"""Camelot""(Marching Ov)",we/broadwa,march size,0644,Chappell,,
"Lucas, Elena R.",,Tatarian Dances,we,,1562,Belwin,2004/05,
"Lully, JB","Barr, RM","Kings' Musicians, The",we,,0665,Ludwig,,
Luther,Ployhar,"Mighty Fortress is our God, A",we,Elem Band,1099,Hal Leonard,,
Luther,"Ployhar, J","Mighty Fortress is our God, A",we,,1356,Byron Douglas,,
Luthold,Whear,"""Onward""(Mrch)",we,March,0119,Ludwig,,
Mack/Johnson,,Charleston,we,march size,0606,Harms,,
Macklin,Howland,Mood Pastoral,we,,0122,Kjos,,
"MacLellan, G",,Put Your Hand in the Hand,we,elem band,0858,Hal Leonard,,
Mahler,Reynolds,Symp #3 Finale,we,excerpts,1348,Shawnee,,
Mahoney/Wenrich,Yoder,When You Wore a Tulip,we,march size,0468,Feist,,
Mailman,,Alleluia,we,,0727,Mills,,
Mailman,,Liturgical Music for Band,we,,0653,Mills,,
Malneck/Signorelli,Leidzen,Park Ave Fant,we,,0123,Robbins,,
Malneck/Signorelli,Yoder,Stairway to the Stars,we,march size,0469,Robbins,,
Maltby,,Jazz Waltz,we,,0726,Fischer,,
"Maltby, R",,Hail to the Fleet,we,March,0626,Shawnee Press,,
Mancini,Brubaker,Mancini Magic,we,,1443,Warner Bros,2000/02,
Mancini,"Davis, K",Mancini Med,we,,0712,Manuscript,,
"Mangione, C","Lewis, F",Bellavia,we,,1080,Gates Music,,
Manilow/Panzer,Lowden,Even Now,we,elem band,1114,Kamakazi Music,,
"Mann, Barry","Bocook, Jay",On Broadway,we,,1542,Hal Leonard,2003/04,
Manning,Di Nino,"Eyes of Texas, The+Texas Fight",we,march size,0687,Kjos,,
"Margolis, Bob",,Royal Coronation Dances,we,,1585,Manhattan Beach,2006/07,
"Margolis, Bob",,The Renaissance Fair,we,,1586,Manhattan Beach,,
"Marquina, Pascual",Longfield,Espana Cani,we,,1471,C.L. Barnhouse,2000/07,
"Maslanka, David",,Heart Songs,we,,1505,Carl Fisher,2002/03,
"Maslanka, David",,Tears,,,1600,,,
Massenet,,"""Thais""(Meditation)",we+violin,feature,0286,Kjos,,
Massenet,Harding,"""Thais""(Meditation)",we+flute,feature,0971,Kjos,,
Massenet,"Holmes, GE",Prelude,we,,0124,Fitzsimmons,,
"Maxwell, E",,"""Differente""(Mrch)",we,march,0855,Southern,,
Mayhew,Briegel,It's a Sin to Tell a Lie,we,march size,0470,Bregman,,
McBeth,,"7th Seal, The",we,,0856,Southern,,
McBeth,,Beowulf,we,,1308,Southern,,
McBeth,,Caccia,we,symphony,1236,Southern,,
McBeth,,Canticle (11 winds + mallet),we,feature,1105,Southern,,
McBeth,,Chant & Jubilo,we,,1195,Southern,,
McBeth,,Effective Perf of Band Music,we,,0943,Southern,,
McBeth,,Kaddish,we,,1075,Southern,,
McBeth,,Masque,we,,1282,Southern,,
McBeth,,Of Sailors & Whales,we,,1363,Southern,  03/92,05/92
McBeth,,To Be Fed By Ravens,we,symphony,1189,Southern,,
McBride,,Baker Street,we,,0120,Gornston,,
McBride,Ross,Fugato,we,,0121,Fischer,,
McCarthy/Tierney,Schulz,Alice Blue Gown,we,march size,0466,Feist,,
"McCoy, EE",,Lights Out,we,march size,0467,Fischer,,
"McCoy, V","Bennett, RR","Hustle, The",we,,1054,Warner Bros.,,
"McDougall, I",,Bells,we,,1303,Jenson,,
"McFall, BG",,Fraternity,we,march size,0572,Star,,
"McGinnis, D",,Sym for Band,we,symphony,1060,Barnhouse,,
McGinty,,Choros,we,,1317,Queenwood,,
McGinty,,Syntonos,we,,1281,Southern,,
"McIntosh, L",,Ascendancy,we,,0934,Presser,,
"McLean, D","Polster, I",Amer Pie,we,,0847,MayDay Music,,
"Meij, J",,"""The Lord of the Rings""(Hobbits)",we,,1362,Amstel,,
Melillo,,Children & Chtonian Chase Jurass,we,,1438,,2000/02,
Melillo,,DNA and the Dino Jurassic Park,we,,1436,,2000/02,
Melillo,,Passing the Paradigm Jurassic Pa,we,,1437,,2000/02,
"Melillo, Stephen",,The Gift of Love and Epilogue from Erich,we,,1571,,,
Mendelssohn,Lake,Athalia(War Mrch of the Priest),we,March,0126,Fischer,,
Mendelssohn,Brunelli,Contus Choralis & Fugue,we,,1039,Chappell,,
Mendelssohn,Koff,Mendelssohn Concerto,we,,1386,Koff,FALL/93,
Mendelssohn,Greissle,Ov for Band,we,overture,0125,G. Schirmer,,
Mendelssohn,Shepard,Ruy Blas Ov,we,overture,0258,Pro Art,,
Mendelssohn,Shepard,Ruy Blas Ov,we,overture,1025,Pro Art,,
Menken,Moss,"""Beauty and the Beast"" Highlight",we/film,,1389,Jenson,FALL/93,
Menken,Moss,Aladdin,we/film,,1387,Hal Leonard,FALL/93,
"Menken, Alan","Moss, John",Highlights from Pocahontas,we/film,,1423,Hal Leonard,2000/02,
"Mennin, P",,Canzona,we,,1370,Fischer,,
Menotti,Lang,"""Sebastian Ballet""(Excerpts)",we,,0127,Ricordi,,
Meyerbeer,Lake,"""The Prophet""(Coronation Mrch)",we,march,0128,Fischer,,
Milhaud,"Smith, JN",Concerto for Perc,we+perc,feature,1175,Merion,,
Milhaud,,Suite Francaise,we,,0129,Leeds,,
Milhaud,,Suite Francaise,we,,1234,MCA Music,,
"Miller, HC",,"""International Peace"" March, The",we/march,march size,0581,Miller,,
Miller/Kahn/Cohn,Sciacca,You Don't Like it-Not Much,we,march size,0599,Feist,,
"Missal, J",,Ov for Band,we,overture,1233,Leblanc,,
Moffit,,Big Time Boogie,we,,0132,Fillmore Bros,,
Moffit,,Little Red Caboose,we,march size,0471,Fillmore,,
"Mohaupt, R",,Paganini Ov,we,Overture,0133,Schrimer,,
Monnot,,"Poor People of Paris, The",we,march size,0472,Leonard,,
Montenegro,Tatgenhorst,Fanfare,we,,0982,Barnhouse,,
Morris,,For Liberty,we,march size,0473,Church,,
Morrison,,Pythian March,we,march size,0474,Church,,
"Morrissey, J",,"American Weekend, An",we,,0134,Witmark,,
"Morrissey, J",,Carribbean Fant,we,,0130,Marks,,
"Morrissey, J",,Little Sports Car,we,,0778,Hansen,,
"Morrissey, J",,Martinique,we,,0131,Remick,,
"Morrissey, J",,Scherzo for WW,we,,1033,Luverne,,
"Morrissey, J",,Skyline Ov,we,overture,0135,Morris,,
Moussorgsky,Leidzen,"""B. Godunov""(Coronation Scene)",we,,0136,Fischer,,
Moussorgsky,"Schaefer, WA",Night on Bald Mountain,we,,1047,Highland,,
Moussorgsky,Leidzen,Pics at an Exhibition (Part III),we,,1376,Fischer,  01/93,WI/93
Mozart,Thornton,"""Divert. #14 in B-flat(All.Molto",we,,1012,TRN Music Pub,,
Mozart,Barden,Concerto #3(Rondo),we+fr horn,feature,0306,Kendor,,
"Mulet, H",,Carillon Brilliante,we,,1097,Barnhouse,,
Mutchler,,Concerto Grosso,we,,0703,KSM,,
Mutchler,,Remembrances,we+cornet,feature,0931,Kendor,,
Myers,,"Invincible USA, The",we,march size,0475,Seitz,,
Myers,,Return of Victorious Legions,we,march size,0476,Fillmore,,
Nelhybel,,2 Symphonic Mvmts,we,symphony,0938,Franco Columbo,,
Nelhybel,,Adagio & Allegro,we,,0622,Elkan-Vogel,,
Nelhybel,,Appassionato,we,,0830,Columbo,,
Nelhybel,,Cantus,we,,1331,Jenson,,
Nelhybel,,Ceremonial Mrch,we,march size,1072,Franco Columbo,,
Nelhybel,,Chorale,we,,0642,Colombo,,
Nelhybel,,Concertino da Camera,we/cham,feature,0878,Kerby,,
Nelhybel,,Festivo,we,,1198,Belwin Mills,,
Nelhybel,,Halleluiah,we,,1028,"Kerby, EC",,
Nelhybel,,Marcia Dorica,we,,0799,Columbo,,
Nelhybel,,Organum,we,,1027,"Kerby, EC",,
Nelhybel,,Praise to the Lord,we+trumpet,feature,1064,e.c. kerby,,
Nelhybel,,Prelude & Fugue,we,,0555,Frank,,
Nelhybel,,Sine Nomine (Alleluia & Amen),we+ch+org,,0901,Franco Columbo,,
Nelhybel,,Trittico,we,,0557,Columbo,,
Nelson,,Resonance I,we,,1402,Ludwig,Apr /94,
"Nelson, O",Tatgenhorst,Majorca,we,,0715,Marks,,
"Nelson, R",,Chaconne,we,,1531,Ludwig,2003/04,
"Nelson, R",,Fanfare for Celebration,we,,1290,Boosey +Hawkes,,
"Nelson, R",,Proc and Prayer of the Emp of Ch,we,,1083,Boosey +Hawkes,,
"Nelson, R",,Rocky Point Holiday,we,,0822,Boosey +Hawkes,,
"Nelson, Ron",,Courtly Airs and Dances,we,,1581,Ludwig,,
"Nelson, Ron",,Morning Alleluias,we,,1583,Ludwig,2006/07,
Nestico,,Greenbriars of Wexley,we,march,0625,Studio,,
Nestico,,Little Scout,we,,0773,Kendor,,
Nestico,,Montego Bay,we,samba,0533,Kendor,,
Nestico,,Portrait of a Trp,we+trp,feature,0310,Kendor,,
Nestico,,Tobaggan,we,march size,0528,Kendor,,
Nestico,,"Twinkle, Twinkle Rhap",we,elem band,0871,Kendor,,
Newman,Erickson,Conquest,we,march,1323,Belwin Mills,,
Nicolai,Godfrey,Merry Wives of Windsor,we,overture,0137,Hawkes and Son,,
Nixon,,Elegy & Fanfare March,we/march,march,0729,Fischer,,
Nixon,,Elegy & Fanfare March,we/march,march,1221,Fischer,,
Nixon,,Fiesta del Pacifico,we,,0633,Boosey +Hawkes,,
Nixon,,Music for a Civic Celebration,we,,0967,JC Penney,,
Nixon,,Nocturne,we,,0660,Galaxy,,
Noel,,K,we,march size,0477,Fillmore,,
Nolan,,Little Annie Rooney,we,march size,0591,Ascher,,
"Norman,Stoner",,Because It's My Flag,we,,1006,TV music,,
Oakland,,I'll Dance at Your Wedding,we,march size,0478,Leonard,,
O'Brien,,Spirit of Amer,we,march size,1005,Cimino,,
Offenbach,Greissle,La Belle Helene,we/opera,overture,0138,Schrimer,,
Offenbach,Odom,La Belle Helene,we/opera,overture,1112,Kjos,,
Offenbach,Fall,Orpheus,we/opera,overture,0139,Rubank,,
"Ohguri, H",Tsujii,Fant on Osaka Folk Tunes,we,,1340,Shawnee,,
O'Keefe,Briegel,Man on the Flying Trapeze,we,march size,0479,Robbins,,
Olivadoti,,El Caballero,we,Sp. March,0140,Rubank,,
"Oliver, R",,Classical Hallmarks,we,elem band,1117,Hal Leonard,,
"O'Reilly, John",,Fantasia on an Irish Hymn,we,,1449,Alfred Music,2000/02,
Orff,Krance,Carmina Burana,we,,1306,Schott,,
Osser,,Beguine Again,we,,0667,MCA,,
Osser,,Beguine for Band,we,,0143,Educ Musi Serv,,
Osterling,,Blue Mist,we,,0141,Ludwig,,
Osterling,,Totem Pole,we,March,0142,Bourne,,
Osterling,,Tropical Twilight,we,,0870,Belwin,,
Ostling,,Salute to Sousa,we,march size,0586,Belwin,,
Overgard,,"Force of Freedom, The",we,march size,0695,Kjos,,
Overgard,,Oriental Parade,we,march size,0700,Kjos,,
Overgard,,"Peace Corps Song,The",we,march size,0686,Kjos,,
Padilla,Lang,El Relicario,we,march,0144,Mills,,
Padilla,Longfield,El Relicario,we,,1497,C.L.Barnhouse,2001/03,
Palestrina,Harvey,Adoremus Te & Sanctus,we,,0145,Elkan-Vogel,,
Palestrina,Conley,Alleluia,we,,0789,Kendor,,
Panella,,"""Our Joe""",we/march,march size,0578,Panella,,
Panella,,Amer Red Cross March,we/march,march size,0480,Panella,,
Panella,,Amerita,we,march size,0576,Panella,,
Panella,Schulz,"Dreamy Waltz, That",we/march,march size,0483,Waterson,,
Panella,,Flag of Freedom,we/march,march size,0577,Panella,,
Panella,,On the Square,we/march,march size,0481,Morris,,
Panella,,Our School,we/march,march size,0482,Panella,,
Panella,,"Pitt Panther, The",we/march,march size,0579,Panella,,
Pares,Caillett,"""Le Voltigeur""",we,march,0724,LeBlanc,,
Penniman/LaBostrie,,Tutti Frutti,we,march size,0484,Leonard,,
"Pennington, J",,Apollo,we,,0888,Schirmer,,
Persichetti,,Bagatelles for Band,we,,0146,Elkan-Vogel,,
Persichetti,,Celebrations Cantanta #3 Op 103,we+ch,,0713,Elkan-Vogel,,
Persichetti,,Chorale Prelude-So Pure the Star,we,,0300,Elkan-Vogel,,
Persichetti,,Divertimento for Band(Op. 42),we,,0147,Oliver Ditson,,
Persichetti,,"Lincoln Address, A",we+n,,0916,Elkan-Vogel,,
Persichetti,,Masquerade for Band,we,,0623,Elkan-Vogel,,
Persichetti,,Pageant,we,,0875,Fischer,,
Persichetti,,Parable for Band,we,,0928,Elkan-Vogel,,
Persichetti,,Psalm for Band,we,,0716,Elkan-Vogel,,
Persichetti,,Serenade #1 for 10 Winds,we/cham,,0717,Elkan-Vogel,,
"Peterson, T",,Coast to Coast,we,march,0532,Kendor,,
"Peterson, T",,Empire State Salute,we,elem band,0780,Kendor,,
Pflingbeil,,Explicit 73,we,,0974,manuscript,,
"Phillips, B",,Concert Piece,we,feature,0734,Fischer,,
"Phillips, P",,Continuum for Winds,we,,0641,Bourne Co.,,
Piccini,Osterling,"Good Daughter, The",we,overture,0292,Ludwig,,
Pierne,Beeler,March Little Leaden Soldiers,we,march,0148,Boosey +Hawkes,,
"Pierpoint, James","Iwai, Naohiro",Jingle Bells,we/xmas,,1467,de haske,2000/03,
"Pinsuti, C",de Ville,When Life is Brightest,we+solo,feature,0149,Fischer,,
"Piston, W",,Turnbridge Fair,we,,0150,Boosey +Hawkes,,
Ployhar,,Concerto for Faculty+Band,we,novelty,0845,Byron-Douglas,,
Pola/Stieninger,Briegel,Marching Along Together,we,march size,0485,Robbins,,
"Polster, I",,Fight Song + Alma Mater,we,march,0814,Manuscript,,
"Polster, I",,Serenade for Band,we,,1024,,,
"Polster, I",,Summer Times,we,,0868,manuscript,,
"Polster, I",,Transformations,we,,0999,Robbins,,
Portella/Galhardo/,...Vale,Lisbon Antigua,we,march size,0486,Leonard,,
"Porter, C",Grey,"""Gay Divorcees""(Night and Day)",we/broadwa,,0759,Harms,,
"Porter, C",Osterling,"""Kiss Me, Kate""",we/broadwa,march size,0565,Buxton Hill,,
"Porter, C",Beck,"Blow, Gabriel, Blow",we+trpt,feature,0963,Harms,,
"Porter, C",Barker,Cole Porter on Broadway,we,broadway,1351,Warner Bros.,,
"Porter, C",Robinson,Cole Porter: Symphonic Portrait,we,broadway,1123,Chappell,,
Pottenger,,Suite for Band,we,,0536,Summy-Birchard,,
"Press, Jacques","Johnston, Herbert","Wedding Dance (from ""Hasseneh""",we,,1454,Ludwig Music,2000/02,
"Presser, W",,Capriccio,we+tuba,feature,0819,Presser Co,,
Price/Piersol,,Droodle Show #2,we,march size,0614,Leonard,,
Prokofieff,Duthoit,"""Love of 3Orange""(Mrch+Scherzo)",we/opera,,0152,Boosey +Hawkes,,
Prokofieff,Walters,"Troika, Op.60",we,,0151,Rubank,,
Prokofiev,Curnow,"""Lieutenant Kije""(Troika)",we,,1260,Jenson,,
"Puccini, Giacomo","Barrow, Edgar",La Boheme,we/opera,,1537,Detroit Concer,2003/04,
"Puccini, Giacomo","Bilik, Jerry",Scenes From La Boheme,we/opera,,1432,Hal Leonard,2000/02,
Purcell,Walker,"""Dido and Aneas""(Suite)",we/opera,,0293,Kjos,,
Purcell,Piata,Band Plays Purcell,we,elem band,0869,Luverne,,
"Purcell, H",Cailiet,Prelude + Passacaglia,we,,0153,Elkan,,
Quinn,,Portrait of the Land,we,,0154,Kjos,,
"Rado,Ragni,MacDerm","Polster, I",Aquarius/Let The Sunshine in,we,broadway,0798,United Artists,,
"Ramin, S",,Music to Watch Girls By,we,march,0815,SCP Music Corp,,
Ravel,Fogelberg,Pavane,we,,0309,Marks,,
Ravel,"Reed, A",Pavanne for a Dead Princess,we,,1334,Masters Music,,
Ravel,Hunsberger,"Valley of the Bells, The",we,,1243,Ludwig,,
"Ravel, Maurice","Bocook, Jay",Bolero,we,,1538,Hal Leonard,2003/04,
"Rawsthorne, A",,Street Corner Ov,we,overture,1108,Oxford Univ Pr,,
Reed,,3rd Suite for Band,we,,1385,Marks,FALL/93,10/93
Reed,,Alleluia! Landamus Te,we+org,,0948,Piedmont,,
Reed,,Armenian Dances (Part I),we,,1237,Sam Fox,,
Reed,,Armenian Dances (Part II),we,,1377,Barnhouse,  03/15,SP/93
Reed,,Ballade,we+sax,feature,0737,Hansen,,
Reed,,"Celebration Fanfare, A",we,,1332,Barnhouse,,
Reed,,Centennial!,we,,1304,Hal Leonard,,
Reed,,Divertimento For Flute,we,,1489,Molenaar,2001/01,
Reed,,Double Wind Quin,we/cham,feature,1003,,,
Reed,,El Camino-A Latin Fantasy,we,,1439,Edward B. Mark,2000/02,
Reed,,"Festival Prelude, A",we,overture,0155,Marks,,
Reed,,First Suite for Band,we,,1486,Hal Leonard,2001/01,
Reed,,"Hounds of Spring, The",we,symphony,1185,Belwin Mills,,
Reed,,In Dulci Jubilo,we,,0810,Sam Fox,,
Reed,,"Jubilant Ov, A",we,overture,1036,Birch Island,,
Reed,,Millennium III,we,,1485,C.L. Barnhouse,2001/01,
Reed,,Pledge of Allegiance,we,,0850,Peidmont,,
Reed,,Poetry & Power,we,,0639,LeBlanc,,
Reed,,Punchinello-Ov to a Romantic Com,we,,1186,Birch Island,,
Reed,,Rahoon,we+cl,feature,0560,Marks,,
Reed,,Russian Christmas Music,we,,1206,Sam Fox,,
Reed,,"Sacred Suite, A",we,,0265,Piedmont,,
Reed,,Sixth Suite for Band,we,,1487,Hal Leonard,2001/01,
Reed,,Viva Musica,we,overture,1368,Hal Leonard,  04/92,05/92
"Reed, Alfred",,Giligia,we,,1578,Hal Leonard,,
"Reed, H.O.",,La Fiesta Mexicana,we,we,0250,Mills,,
Reeves,Hildreth,22nd Connecticut,we/march,march size,0487,Jacobs,,
Reeves,Fennell,Wash. Greys March,we/march,march,1355,Fischer,,
Reichner/Lowe,,"Teenage Prayer, A",we,march size,0488,Leonard,,
Reinagle,"Smith, R","Federal March, The",we/march,200th Cele,0983,JCPenneys,,
"Reineke, Steven",,Sedona,we,,1511,C.L. Barnhouse,2002/04,
"Reisteter, Steve",,"Eighth Candle, The",we,,1520,Arrangers Pub.,2003/04,
"Rene, H",Werle,Passion in Paint,we,,0156,Mills,,
Respighi,Duker,"Pines of Rome, The",we,,1393,Hal Leonard,FALL/93,
Reynolds,Verne,Scenes,we,,0939,Schrimer,,
Richards,,"Meteor, The",we,march size,0489,Fillmore,,
Riegger,,"Dance Rhythms, Op. 58a",we,,0680,Associated,,
"Rigsby,Seldon,Mins","Scott, W","""Irene""(Ov)",we,overture,1040,Big 3 Music Co,,
Rimsky-Korsakoff,Johnson,"""Capriccio Espagnol""(Themes)",we,,0157,Belwin,,
Rimsky-Korsakov,Leidzen,"""Mlada""(Process of the Nobles)",we,march,1223,Fischer,,
Rimsky-Korsakov,Nallin/Shuman,Concerto for Trb + band,we+trb,feature,0158,Leeds,,
Rimsky-Korsakov,Leidzen,Procession of the Nobles,we,,0159,Fischer,,
Rimsky-Korsakov,Bocook,Procession of the Nobles,we,,1472,Musicworks,2000/07,
Rimsky-Korsakov,Carter,Scheherazade,we,march size,0730,Southern,,
Ringle/Klickmann/B,,Broken Hearted Blues,we,march size,0597,McKinley,,
Rizzo/Horton/Blalo,Robinson,"Flea, The",we+fl,feature,0647,Sam Fox,,
Roberts,Benter,Smiles,we,march size,0490,Remick,,
"Roberts, CJ",,Jingle Bells,we,march size,0593,Fischer,,
Robertson,,"Happy Whistler, The",we,march size,0491,Leonard,,
"Rodgers, R",Bennett,"""No Strings""",we,broadway,0254,Williamson,,
"Rodgers, R",Leidzen,"""Oklahoma""(Selections)",we/broadwa,broadway,0661,Williamson,,
"Rodgers, R",Erickson,"""Sound of Music""",we/broadwa,march size,0562,Williamson,,
"Rodgers, R",Carter,"""South Pacific""(Mrch Ov)",we/broadwa,march size,0645,Williamson,,
"Rodgers, R",Bennett,"""The King and I""(Selections)",we/broadwa,broadway,0264,Williamson,,
"Rodgers, R",Bennett,"""The Sound of Music""(Selections)",we/broadwa,broadway,0275,Williamson,,
"Rodgers, R",Bennett,Do I Hear a Waltz,we/broadwa,broadway,0545,Williamson,,
"Rodgers, R",Leidzen,Guadalcanal Mrch,we,march,0161,Williamson,,
"Rodgers, R",Maltby,Mountain Greenery,we+clar,feature,0959,Harms,,
"Rodgers, R",,Slaughter on 10th Ave,we+piano,feature,0162,,,
"Rodgers, R",Bennett,South Pacific,we/broadwa,,1491,Hal Leonard,2001/03,
"Rodgers, R",Bennett,Victory at Sea,we,,1341,Hal Leonard,,
Rodgers/Hagan,Bullock,Harlem Nocturne,we,,1292,"Shapiro,Bernst",,
Rogers,Lowden,Sounds from Kenny Rogers,we,elem band,1168,Hal Leonard,,
"Rogers, B",,3 Japanese Dances,we,folk,0937,Presser,,
Romberg,Wright,"""The Student Prince""(selections)",we,broadway,0163,Chappell,,
Romberg,Maclean/Beeler,"Tribute to Romberg, A",we,Broadway,0164,Harms,,
Romberg/Hammerstei,Bennett,When I Grow too Old to Dream,we,march size,0492,Robbins,,
Romberg+Hammerstei,Beck,"Softly, as in a Morning Sunrise",we+flute,feature,0964,Harms,,
Rose,Herfurth,Holiday for Trb,we+trb,feature,0965,Bregman/Vocoo,,
"Rose, D",Warrington,"Stripper, The",we,,0652,David Rose,,
"Rose, R",,Dance of the Molecules,we,novelty,0529,Kjos,,
Rosenkrans,,Rememberance of Col. Miner,we,march size,0493,Miller,,
Rossini,Townsend,3 Mrchs for Marr of Duke of Orle,we,march,1085,"Kerby, EC",,
Rossini,Hermann/Glazier,"Into, Theme, + Var",we+clar,feature,1165,Oxford Univ Pr,,
Rossini,Cailliet,Italian in Algiers,we,overture,0165,Sam Fox,,
Rossini,Townsend,Mrch for The Sultan Abdul Medjid,we,,0677,Mercury,,
Rossini,Britten/Brown,Soirees Musicales,we,,1057,Boosey +Hawkes,,
Rossini,Mackie-Beyer,William Tell,we,overture,0284,Pepper,,
Rossini,Longfield,William Tell Overture (Finale),we,,1480,C.L. Barhouse,2000/07,
Rossini-Respighi,Godfrey/Leidzen,La Boutique Fantasque,we,,0166,Chappell,,
Rozsa,Hawkins,Parade of the Charioteers,we,,0167,Robbins,,
"Rugolo, P",Seeman,Machito,we,,0640,Highland,,
Saint-Saens,Davis,"""Sampson and Delilah""(Theme)",we,,0676,Belwin,,
Saint-Saens,Elkus,Pre + Proc King Henry 8,we,,0168,Marks,,
Saint-Saens,Hindsley,Sym 3 Finale,we+org,,1399,Hindsley Trans,Apr /94,SP/94
Saint-Saens,Slocum,Symp #3-Finale,we+org,symphony,0947,TRN Music,,
"Saint-Saens, Camil","Hindsley, Mark H.",Danse Macabre,we,,1464,Hindsley Trans,2000/03,
"Sateren, L",,Look to this Day,we+choral,feature,0908,Schmitt/Hall..,,
Satie,Sebesky,Gymnopedie #3,we,elem band,0996,Studio 224,,
"Saucedo, Richard",,Rendezvous With the Other Side,we,,1559,Hal Leonard,2004/05,
Sauter & Finegan,Wallace,Midnight Sleighride,we/xmas,,1481,Zephyr,fall/00,
Saylor,,Ballata,we,,0307,Kendor,,
"Scalkottas, N","MdGinty, A",3 Gr Dances,we,,1184,Hal Leonard,,
"Schaeffer, D",,Rockero,we,elem band,1138,Barnhouse,,
"Schanke, D",,5 Mellow Winds,we+quintet,feature,0979,Chappell,,
"Schanke, D",,Latin Reeds,we+quintet,feature,0975,Barnhouse,,
Schinstine,,March to the Battle of Jazz,we+drum so,feature,0169,Southern,,
Schinstine,,Tympendium,we+timp,feature,0170,Southern,,
"Schmidt, H",Hayman,"""The Fantasticks""",we/broadwa,march size,0563,Chappell,,
"Schmidt, H",Reed,"""The Fantasticks""",we/broadwa,broadway,0678,Chappell,,
Schoenberg,,"Theme & Var, Op. 43a",we,,0744,Schirmer,,
"Schonberg, Claude-","Barker, Warren",Les Miserables,we/broadwa,broadway,1433,Hal Leonard,2000/02,
Schostakowich,Maganini,Satirical Dance,we,,0288,Edition Musicu,,
"Schreiner, A",Howard,Immer Kleiner,we+cl,,0842,Ludwig,,
"Schreiner, E",Osterling,"Worried Drummer, The",we+perc,feature,0911,Ludwig,,
Schubert,Laurendeau,March Militaire #'s 1+2,we/march,March,0171,Fischer,,
Schubert,Holmes,Moment Musical,we,,0172,Fitzsimons,,
Schuller,,Meditation,we,,0537,Associated,,
Schuller,,Study in Textures,we,,0851,Associated,,
Schuman,,"Be Glad Then, Amer",we,,1081,Merion,,
Schuman,,Chester,we,overture,0173,Merion,,
Schuman,"Owen, D",Circus Ov,we,overture,1044,Schirmer,,
Schuman,,George Washington Bridge,we,,0821,Schirmer,,
Schuman,,When Jesus Wept,we,,0174,Merion,,
"Scott, R",Lang,Mrch of the Slide Trmb,we,march,0175,Morris,,
Scouton,,Yankee Snap,we,march size,0494,Fillmore,,
Scriabin,Davis,2 Scriabin Etudes,we,,0176,Ludwig,,
Scriabin,"Davis, A",2 Scriabin Etudes,we,,0681,Ludwig,,
"Sears, J",,Space Pioneers,we,,0772,Remick,,
"Sebesky, G",,"Disco Kid, The",we,elem band,1143,Barnhouse,,
"Sebesky, G",,From Bach to Rock,we,elem band,0969,Studio 224,,
"Sebesky, G",,Rock Explosion,we,elem band,0865,Alfred Mus Co,,
"Sebesky, G",,Rock of Gilbraltar,we,elem band,0921,Alfred,,
"Sebesky, G",,Soul Swinger,we,elem band,0918,Alfred,,
"Seibert, B",,Brontosaurus Mrch,we,march size,0749,KSM,,
"Seibert, B",,More Blood + Guts Fanfare,we,,0748,KSM,,
"Seibert, B",,Sink or Swing March,we/march,march size,0758,KSM,,
Seitz,,Brooke's Triumphal March,we/march,march size,0495,Seitz,,
Severson/McDunn,,Concerto for Trmpt+Trmb w/ Band,we+tpt/tbo,feature,1125,Shawnee,,
"Shaffer, D",,Arabesque,we,,1297,Birch Island,,
"Shaffer, D",,Fanfare & Fest Celebration,we,,1345,Barnhouse,,
Sheafe,Yoder,Wash. + Lee Swing,we/march,march size,0319,,,
"Sheldon, R",,Dance Celestiale,we,,1337,Barnhouse,,
"Sheldon, R",,Metroplex: Three Postcards from Manhattan,we,,1569,Alfred,,
"Sheldon, R",,Visions of Flight,we,,1353,Barnhouse,    /91,1991
"Sherman, Rich +Rob",,"Small World, Happy Wander",we,,0770,Fun-way,,w
"Sherman, Richard&R","Mass, John",I Wan'na Be Like You,we,,1477,Hal Leonard,2000/07,
"Sherman,Sherman",Reed,"""Mary Poppins""(Highlights)",we/film,broadway,1007,Hansen,,
Sherman/Fields/Lew,Seredy,You Gotta be a FootBall Hero,we,march size,0496,Fischer,,
Sherman/Sherman,Kostal,"""Mary Poppins""",we/film,broadway,0297,Wonderland,,
"Shore, Howard","Lopez, Victor",Fellowship of the Ring Suite,we/film,,1519,Belwin,2003/04,
"Shore, Howard","Lopez, Victor","Symphonic Suite from ""Lord of the Rings""",we,,1575,,,
Shostakovich,Curnow,"""Symph #6"" (Presto)",we,,1346,Jenson,,
Shostakovich,Hunsberger,"""The Gadfly""(Folk Festival)",we,,1023,Boston Music,,
Shostakovich,,Festive Ov,we,overture,0725,MCA,,
Shostakovich,Hunsberger,"Festive Ov, Op. 96",we,overture,1103,MCA Music,,
Shostakovich,Suchoff,Fortinbras Mrch,we,march,0670,MCA,,
Shostakovich,Suchoff,Hamlet Suite,we,,0987,MCA Music,,
Shostakovich,Righter,Symp #5-Finale,we,Symphony,0177,Boosey +Hawkes,,
"Shostakovich, Dmitri",,"Fire of Eternal Glory, The",,,1596,,,
"Shostakovich, Dmitri",Reynolds,Folk Dances,we,,1587,Carl Fischer,2006/07,
"Shostakovich, Dmitri",Reynolds,Prelude,,,1598,,,
Sibelius,Winterbottom,Valse Triste,we,,0178,Boosey +Hawkes,,
Sigman,,Ballerina,we,march size,0497,Leonard,,
Simeone,,Fl Cocktail,we + flute,feature,0180,Shawnee Press,,
"Simon, F",,March of the Majorettes,we/march,march size,0498,Kjos,,
"Simon, F",,Willow Echoes,we+cornet,feature,0179,Fillmore,,
"Simons, M",Morrissey,"Peanut Vender, The",we,,0181,Marks,,
"Siravo, G",,Fant on the Blues,we,,0913,Hudson Valley,,
Sissle/Blake,Lowden,Eubie!,we,,1150,Warner Bros,,
Smetana,Clark,"""The Bartered Bride""(3 Dances)",we,,0182,Schirmer,,
Smetana,"Reynolds, P",Opera Song,we,opera,0779,Luverne,,
"Smetana, B",Nelhybel,3 Rev Mrches,we,march,0643,Columbo,,
Smith,,"Incontrada, Adoration + Praise",we,,1161,,,
"Smith, Claude T",,Anthem for Winds + Perc,we,,1318,Jenson,,
"Smith, Claude T",,"Distant Trumpet, The",we+trp,feature,1278,Wingert-Jones,,
"Smith, Claude T",,Emperata Ov,we,overture,1255,Wingert-Jones,,
"Smith, Claude T",,"Eternal Father, Strong to Save",we,,1066,Wingert-Jones,,
"Smith, Claude T",,"Fanfare,Ballade,+ Jubilee",we,,1205,Jenson,,
"Smith, Claude T",,Flight,we,,1302,Wingert-James,,
"Smith, Claude T",,Greensleeves,we,,1096,Jenson,,
"Smith, Claude T",,Horizons West,we,mrch,1145,Jenson,,
"Smith, Claude T",,Joyance,we,,1067,Wingert-Jones,,
"Smith, Claude T",,Prelude for Band,we,,1149,Jenson,,
"Smith, Claude T",,Santiago Carnival,we,,1158,Jenson,,
"Smith, Claude T",,Sym #1 for Band,we,symphony,1107,Jenson,,
"Smith, Claude T",,Symp March on English Hymn Tune,we/march,march,1258,Jenson,,
"Smith, Claude T",,Symp Warm-Ups for Band,we,,1256,Jenson,,
"Smith, Claude T",,Var on Hymn by Louis Bourgeios,we,,1261,Jenson,,
"Smith, Claude T",,"Zia, Zia!",we,march,1284,Jenson,,
"Smith, H",,Somersault,we,,0747,Frank Music Co,,
"Smith, Robert W.",,Angels From the Realms of Glory,we,,1458,Warner Bros,2000/02,
"Smith, Robert W.",,Inchon,we,,1518,Belwin,2003/04,
"Smith, Robert W.",,The Inferno,we,,1509,Warner Bros.,2002/04,
"Snyder, T",Tyra,Who's Sorry Now?,we,march size,0691,Mills,,
Somers,,Opera in Rhythm,we,opera,0183,Chappell,,
Sousa,,Ancient & Honorable Artillery Co,we/march,,1381,Sam Fox,,
Sousa,Rogers,At The Movies,we,,1561,Southern,2004/05,
Sousa,Gore,"Beau Ideal Concert March, The",we/march,march,1410,Alfred,2000/02,
Sousa,ed. Fennell,Bullets and Bayonets,we,,1579,Ludwig,,
Sousa,,"Crusader mrch,The",we/march,march size,0500,Fischer,,
Sousa,,"Dauntless Battalion, The",we/march,march size,0575,Church,,
Sousa,,El Capitan,we/march,march size,0501,,,
Sousa,,El Capitan,we/march,march,1273,Church,,
Sousa,,Fairest of the Fair,we/march,march size,0502,Church,,
Sousa,Fennell,"Gallant 7th March, The",we/march,march,0950,Sam Fox,,
Sousa,,George Wash BiCentiennal March,we/march,march,0962,Sam Fox,,
Sousa,Fennell,Golden Jubilee,we/march,march,0966,Sam Fox,,
Sousa,,Hands Across the Sea,we/march,march,0261,John Church CO,,
Sousa,Contorno,Hands Across the Sea,we/march,elem band,1141,Barnhouse,,
Sousa,Laurendeau,"Internt'l Congress(Gr. Fant), Th",we/march,march,0184,Fischer,,
Sousa,,King Cotton,we/march,march size,0503,Church,,
Sousa,,Manhattan Beach,we/march,march size,0508,Church,,
Sousa,Fennell,Manhattan Beach,we/march,march,1167,Church,,
Sousa,,Manhattan Beach March,we/march,march,0280,John Church CO,,
Sousa,,New Mexico March,we/march,,1554,Belwin,2004/05,
Sousa,Fennell,Nobles of the Mystic Shrine,we/march,march,1166,Sam Fox,,
Sousa,Klotzman,Pres. Garfield's Inaugural Mrch,we/march,200th Cele,0983,JCPenneys,,
Sousa,Fennell,"Pride of the Wolverines, The",we/march,march,1046,Sam Fox,,
Sousa,Fennell,Riders for the Flag,we/march,march,1129,Sam Fox,,
Sousa,,Sabre & Spurs,we/march,march size,0504,Fox,,
Sousa,,Semper Fidelis,we/march,march size,0505,Fischer,,
Sousa,,Semper Fidelis,we/march,march size,1212,Fischer,,
Sousa,Barker,Sousa!,we/march,march,1183,Jenson,,
Sousa,,Stars & Stripes Forever,we/march,march size,0506,Church,,
Sousa,,Stars & Stripes Forever Lg Arr.,we/march,march,1001,Heritage,,
Sousa,,Stars & Stripes Forever Sm Arr.,we/march,march,1000,,,
Sousa,Brion/Schissel,Stars and Stripes Forever,we/march,,1528,Willow-Blossom,2003/04,
Sousa,Brion & Schissel,The Liberty Bell,we/march,,1508,Willow-Blossom,2002/04,
Sousa,Brion & Schissel,The Untitled March,we/march,,1494,C.L. Barnhouse,2001/03,
Sousa,Brion & Schissel,"Thunderer, The",we/march,,1516,Barnhouse,2003/04,
Sousa,Lake,"US Field Artillery March, The",we/march,march size,0499,Fischer,,
Sousa,Fennell,"Wash Post March, The",we/march,march,1279,Fischer,,
"Sparke, Philip",,Shalom,we,,1525,Anglo,2003/04,
"Spears, J",,Canticles,we,,1179,Barnhouse,,
"Spears, J",,Chatham Ov.,we,overture,0989,Southern,,
"Spears, J",,Scenario,we,overture,1249,Southern,,
"Spears, J",,"Wilderness Ov, A",we,overture,1045,Barnhouse,,
"Spears, J",,Wind Dancer,we,,1367,Composers Edit,,
"Spino, P",,Sound Dramas for Band,we,,1018,Boonin,,
"Spohr, L",Simon,"Notturno, Op.34",we,,0636,Broude,,
"Stamp, Jack",,Four Maryland Songs,we,,1584,,2006/07,
"Starer, R",,Cumulations for Band,we,,1015,MCA Music,,
"Starer, R",,"Patch of Grief, A",we,,1014,MCA Music,,
"Starer, R",,Prelude & Paragrams,we,,1017,Oxford,,
"Starer, R",,Resolutions,we,,1013,MCA Music,,
"Starer, R",,Successions & Ascensions,we,,1016,MCA Music,,
Stauffer,,Fugue n' Swing,we,,0299,Mills,,
Steffe-Howe,Kinyon,Battle Hymn of the Republic,we,elem band,0863,Alfred Mus Co,,
Steinohrt,,Pisces,we,,1240,Kjos,,
Sterling/Stoner,Yoder,Take off yr hat/no flag like our,we,march,0290,Rayster,,
"Still, W",,Folk Suite for Band,we,,0852,Bourne,,
"Stone,Bono,Bahler","Holcombe, B",Sounds of Sonny + Cher,we,,0899,Charter,,
Stone/Stapp,,Chattanoogie Shoe Shine Boy,we,march size,0509,Leonard,,
Stouffer,,Ti-Teka-Tah!,we,elem band,0707,Luverne,,
"Stout, John W.",,Bacchanal,we,,1403,,2000/02,
"Straus, O",Lampe,"Chocolate Soldier, The",we,,0185,Remick,,
"Straus, O",Alford,"Hero, My",we,March,0186,Witmark,,
"Strauss, R",Davis/Fennell,"Allerseelen, Op. 10, #8",we,,1294,Ludwig,,
"Strauss, R",Farkas,Concerto for Horn No.1,we + hn,,1394,Ludwig,FALL/93,10/93
"Strauss, R",Walters,Till Eulenspiegel's Merry Pranks,we,,0187,Rubank,,
Stravinsky,,"""Petroushka""(3 Dances)",we,,0941,manuscript,,
Stravinsky,Goldman,"""The Firebird""(Berceuse+Finale)",we,,0188,Marks,,
Stravinsky,Croley,Chant des Bateliers du Volga,we,,0826,Autograph,,
Stravinsky,,Circus Polka,we,,0832,Associated,,
Stravinsky,Nelson,Ebony Concerto,we,,1035,Morris,,
Stravinsky,Erickson,"Stravinsky Suite, A",we,,0761,Chappell,,
Styne,Briegel,Vict'ry Polka,we,march size,0510,Chappell,,
"Sullivan, A",Mackarras/Duthoit,Pineapple Poll,we,,1246,Chappell,,
"Sullivan, A",O'Brien,"Pirates of Penzance, The",we,overture,1285,TRN Mus Pub,,
"Surinach, C",,Sinfonietta Flamenca,we,,0860,Associated,,
Susato,Mattimore,Renaissance Dance Suite,we,,0755,Manuscript,,
"Svarda, W",,Dissonants for Band,we,,0887,Studio P/R Inc,,
Swearingen,,Dawn of a New Day,we,,1400,Barnhouse,Apr /94,SP/94
Swearingen,,In All Its Glory,we,,1378,Barnhouse,  03/30,
Swearingen,,Into the Joy of Spring,we,,1515,Barnhouse,2003/04,
"Swearingen, J",,Invicta,we,overture,1250,Barnhouse,,
"Sweeley, C",Lasey,Conway,we,march size,0615,Sweeley,,
"Tatgenhorst, J",,Montage,we,,0840,Studio P/R Inc,,
Tchaikovsky,Lake,"""1812""(Ov)",we,overture,1248,Fischer,,
Tchaikovsky,Lake,"""The Nutcracker""(Part I)",we,,0194,Fischer,,
Tchaikovsky,Lake,"""The Nutcracker""(Part II)",we,,0195,Fischer,,
Tchaikovsky,Lake,"""The Nutcracker""(Part III)",we,,0196,Fischer,,
Tchaikovsky,Bellis,Entry March,we,,1475,Curnow Music,2000/07,
Tchaikovsky,Nelson,Francesca da Rimini,we,,0193,Barnhouse,,
Tchaikovsky,"Curnow, James",Suite from the Nutcracker,we,,1445,Jenson Publica,2000/02,
Tchaikovsky,Safarnek,Symp #4 in F-minor-Finale,we,symphony,1291,Fischer,,
Tchaikowsky,Yoder,Tchaikowsky Melodies(Selections),we,,0197,Belwin,,
Teike,,Old Comrades,we/march,march size,0511,,,
Tepper/Bennett,,"Naughty Lady of Shady Lane, The",we,march size,0512,Leonard,,
Terschak,Puthnik,Murillo (Allegro de Condert),we + flute,feature,0190,Byron-Douglas,,
Texidor,,Amparito Roca,we/march,march,0191,Boosey +Hawkes,,
"Theilman, R",,Chelsea Suite,we,,1163,Ludwig,,
"Thomas, Ambroise","Safranek, V.F.",Raymond (The Queen's Secret),we,,1455,The Detroit Co,2000/02,
"Thomas, D",,Spinning Wheel,we,march size,0768,Minnesingers,,
Ticheli,,Amazing Grace,we,,1425,Manhattan Beac,2000/02,
Ticheli,,Blue Shades,we,,1560,Manhattan,2004/05,
Ticheli,,Cajun Folk Songs,we,,1372,Manhattan,1992/09,11/92
Ticheli,,Fortress,we,,1365,Manhattan,,
Ticheli,,Postcard,we,,1512,Manhattan Beac,2002/05,
Ticheli,,Simple Gifts,we,,1514,Manhattan Beac,2003/04,
Ticheli,,Sun Dance,we,,1524,Manhattan Beac,2003/04,
Tillman,,Slipping Around,we,march size,0513,Leonard,,
Tobani,Laurendeau,"""Highwayman, The""",we,,1074,Fischer,,
Tobani,,"""Providence""(Sacred Fantasia)",we,,0192,Fischer,,
Traditional,"Dedrick, Chris",A Canadian Brass Noel,we/xmas,,1418,Hal Leonard Co,2000/02,
Traditional,Vaughan Williams,A Vaughan Williams Christmas,we/xmas,,1457,Warner Bros,2000/02,
Traditional,"Davis, Chip",Angels We Have Heard on High,we/xmas,,1430,Hal Leonard,2000/02,
Traditional,"Ployhar, James D.","Christmas ""Pop"" Song-a-long",we/xmas,,1414,Belwin,2000/02,
Traditional,"Davis, Chip",God Rest Ye Merry Gentlemen,we/xmas,,1419,Dots and Lines,2000/02,
Traditional,"Reed, Alfred",Greensleeves,we/xmas,,1461,C.L. Barnhouse,2000/03,
Traditional,"Reed, Alfred",Tarantella,we,,1442,Barnhouse,2000/02,
Tschaikowsky,Laurendeau,Marche Slave,we,,1380,Fischer,,
Tscheskoff,Houseknecht,Salvation is Created,we,,0202,Kjos,,
"Tubb, M",,Concert Piece for Band,we,feature,0833,Theo. Presser,,
Tull,,A Passing Fantasy,we,,1558,Southern Music,2004/05,
Tull,,Sketches on a Tudor Psalm,we,,0905,Boosey +Hawkes,,
"Turina, Joaquin",,Five Miniatures,,,1599,,,
Turlet,Seredy,French National Defile March,we/march,march size,0514,Fischer,,
"Tuthill, B",,Ov Brilliante Op. 19,we,overture,1366,Bourne Co,,
"Udell, B",,Chorale Var,we,,1287,Kendor,,
"Van Alstyne, E",,Memories,we,march size,0617,Remick,,
"Van Alstyne, E",Redfield,"Shade of Old Apple Tree, In the",we,march size,0620,Remick,,
Van Auken,,Bill Bailey,we,march size,0458,Leonard,,
"Van der Roost, Jan",,Puszta,we,,1589,de haske,,
Van Heusan,Osser,"Dream Sonata, My",we,,0198,Educ Mus Ser,,
Various,,Bicentennial Musical Celebration,Choral,compile,0983,JCPenneys,,
Vaughan Williams,,Flourish for Wind Band,we,,0946,Oxford Univ Pr,,
Vaughan Williams,,Folk Song Suite,we,,0243,Boosey + CO,,
Vaughan Williams,,O How Amiable,we,,1360,Oxford Univ Pr,,
Vaughan Williams,Curnow,Pre on 3 Welsh Hymn Tunes,we,,1251,Vaughn William,,
Vaughan Williams,Beeler,Rhosymedre,we,,1588,Galaxy,,
Vaughan Williams,,Scherzo Alla Marcia,we,symphony,0786,Oxford U. Pres,,
Vaughan Williams,,Sea Songs,we,,1265,Boosey +Hawkes,,
Vaughan Williams,"Reed, A",Sine Nomine,we,march,1061,Schmitt Music,,
Vaughan Williams,,Toccata Marziale,we,,0223,Boosey+Hawkes,,
Velke,,Concertino for Band,we,,0271,Templeton,,
Verrall,,Holiday Moods,we,,0199,Boston Music,,
Verrall,,"Northern Ov, A",we,overture,0200,Boston Music,,
Vivaldi,Reed/Baron,Concerto in C-major for Picc,we+picc,feature,1164,Franco Columbo,,
"Volgeli, D",Bencriscutto,All Things Considered,we,,1312,Kjos,,
von Suppe,Tobani,"""Pique Dame""(Ov)",we,overture,1073,Fischer,,
von Suppe,"Fall, E",Light Calvary Ov,we,overture,0189,Rubank,,
von Suppe,Fillmore,"Morning, Noon,+ Night in Vienna",we,overture,1268,Fillmore,,
von Suppe,Fillmore,Poet & Peasant,we,overture,0285,Fischer,,
Votto,,No Name,we,,0940,,,
Wagner,Houseknecht,Awake,we,,0202,Kjos,,
Wagner,Tobani,Die Meistersinger von Nurnberg,we,overture,0201,Fischer,,
Wagner,Cailliet,Elsa's Procession to the Cath.,we,,0203,Remick,,
Wagner,"O'Neill, C",Entry of the Gods into Valhalla,we,opera,1369,Fischer,  04/92,
Wagner,Jurrens,"Feast of the Apostles, The",we,,1269,Jenson,,
Wagner,Winterbottom,Homage Mrch,we,march,0204,Bossey +Hawkes,,
Wagner,"Coulliett, L",Invocation of Alberich,we,,0669,Fox,,
Wagner,Bainum,Liebestod,we,,0547,Kjos,,
Wagner,Drumm,Lohengrin Intro (Act III),we,Overture,0205,Fischer,,
Wagner,Meyrelles,Rienzi,we,overture,0206,Fischer,,
Wagner,Fall,Tannhauser,we,overture,0207,Rubank,,
Wagner,Leidzen/Goldman,Trauersinfonie,we,symphony,0305,AMP,,
"Wagner, J. F.",Laurendeau,Under the Double Eagle,we,march size,0516,Fischer,,
"Walters, H",,Badinage for Band,we,feature,0208,Rubank,,
Walton,Duthoit,Crown Imperial,we,,0986,Boosey +Hawkes,,
Walton,Bocook,Crown Imperial,we,,1476,Hal Leonard,2000/07,
"Ward, R",,4 Abstractions for Band Nos.2+3,we,,1173,Highgate Press,,
"Ward, R",,Antiphony for Winds,winds,feature,0909,Highgate,,
"Ward, R",,From Sea to Shining Sea,we,,0801,Witmark,,
"Ward, R",,Interweaving Lines,we,,1174,Highgate Press,,
"Ward, R",,Jagged Rhythm in Fast tempo No.1,we,,1172,Highgate Press,,
"Ward, R",Leist,Jubilation,we,Overture,0212,Galaxy,,
"Ward, R",,Prairie Ov,we,overture,0209,Galaxy,,
"Ward, SA","Dragon, G","America, the Beautiful",we,,0704,Sam Fox,,
Ware/Allen,,Rock & Roll Waltz,we,march size,0517,Leonard,,
"Warren, B",,3 Sketches for Band,we,,1051,Manuscript,,
"Warren, B",,Defiant Concerto,we,feature,1050,manuscript,,
Warrington,,Dixieland...Front + Center,we,Feature,0298,Shapiro-Bernst,,
Warrington,,Original Dixieland Concert,we,We+soli,0210,Marks,,
"Washburn, R",,Pageant Royale,we,,1338,Boosey +Hawkes,,
"Watson, W",,Antiphony & Chorale,we,,0839,Ludwig,,
"Wayne, M",Sciacca,Chiquita,we,march size,0585,Feist,,
"Wayne, W",Sciacca,Ramona,we,march size,0601,Feist,,
"Webb, J",,MacArthur Park,we,,0936,Warner Bros.,,
Webber,"Barker, W","""Phantom of the Opera""(Selection",we/broadwa,broadway,1357,Hal Leonard,  03/92,03/92
Webber,Nowak,Andrew L Weber:A Symp Portrait,we,broadway,1305,Hal Leonard,,
Weber,Reed,Concertino (for Clar+band),we+clar,feature,0531,Kendon,,
Weber,Reed,Concertino for Bb Clar,we+Bb clar,feature,0213,Rubank,,
Weber,Fall,Invitation a'La Valse,we,,0214,Rubank,,
Weber,Smith,Peter Schmoll,we,,0215,Pro Art,,
"Weed, M",,Intro + Scherzo,we,,0216,Kjos,,
Weik,,Grotto Mrch,we,march size,0518,Weik,,
Weldon,,Gate City,we,march size,0519,Menges,,
Wendland,Eisenberg,Encampment,we,march size,0520,Dalbey,,
Wendland,Eisenberg,Line Up,we,march size,0566,Dalbey,,
Wendland,Eisenberg,On the Field,we,march size,0573,Dalbey,,
Werle,,Charlie Chaplin Band Portrait,we,,0844,Bourne,,
Werle,,Concertino for 3 Brass + Band,we+3 Brass,feature,0829,Bourne,,
"Werle, FE",,Toast of the Latins,we,,0245,Mills,,
"Westergaard, P",,Tuckets & Sennets,we,,0859,Continuo Music,,
"Whear, P",,Contrapunctus for Band,we,,0546,LeBlanc,,
"Whear, P",,Czech Suite,we,,0291,Ludwig,,
"Whear, P",,Elsinore Ov,we,overture,0838,Ludwig,,
"Whear, P",,Intro & Invention,we,,0217,Ludwig,,
"Whear, P",,Jedermann,we,Overture,0218,Ludwig,,
"Whear, P",,Wycliffe Var,we,,0782,Ludwig,,
"Whitacre, Eric",,Noisy Wheels of Joy,we,,1552,Hal Leonard,2004/05,
"Whitacre, Eric",,October,we,,1567,BCM,2006/07,
"White, D",,Dichotomy,we,,0025,Shawnee,,
Whiting,McCabe,You're Still an old sweatheart..,we,march size,0619,Remick,,
"Wiggens, A",,Song & Dance Man,we+clar/bn,feature,0877,kendor,,
"Wilder, A",Barrows,Beguinner's Luck,we,,0219,Shawnee Press,,
"Wiley, C",,"Antonito, Paso Doble",we,,0907,TRN,,
"Williams, C",,"""Fiesta"" (Symp Dance No. 3)",we,symphony,0672,Sam Fox,,
"Williams, C",,Dedicatory Ov,we,Overture,0296,Marks,,
"Williams, C",,Dramatic Essay,we + trp,feature,1154,Summy-Birchard,,
"Williams, C",,Fanfare & Allegro,we,,0220,Summy,,
"Williams, C",,Festival,we,,0551,Summy-Birchard,,
"Williams, C",,Hill Country Ballad,we,,0221,Witmark,,
"Williams, C",,Killian Concert March,we/march,march,0722,Schmitt,,
"Williams, C",,"Sinfonians, The",we,march,1200,Belwin Mills,,
"Williams, C",,"Strategic Air Command, The",we,march,1199,Southern,,
"Williams, C",,Symphonic Suite,we,,0765,Summy+Birchard,,
"Williams, E",,Prologue,we,,0841,Ludwig,,
"Williams, E",,Sym in C-minor Mvt. 2,we,Symphony,0222,Williams,,
"Williams, H",Teague,Royce Hall Suite,we,,0554,Associated,,
"Williams, J","Cacavas, J","""E.T.""(Selections)",we/film,,1222,Music Corp Am.,,
"Williams, J",Lavender,"""Jurassic Park"" Sndtrk Highlight",we/film,,1396,Jenson,,WI/94
"Williams, J",Burden,"""Star Wars""(Medley)",we/film,,1068,Fox Fanfare,,
"Williams, J",Cacavas,Close Encounters of 3rd Kind(Th),we/film,,1079,Gold Horizon,,
"Williams, J","Smith, Robert W.",Fantasy of Flight,we,,1522,Belwin,2003/04,
"Williams, J","Lavender, Paul",Four Symphonic Themes,we,,1503,Hal Leonard,2002/03,
"Williams, J","Smith, Robert",Harry Potter Symphonic Suite,we/film,,1536,Belwin,2003/04,
"Williams, J","Lavender, Paul",Hymn to the Fallen,we/film,,1501,Hal Leonard,2001/04,
"Williams, J",Higgins/Lavender,J. Williams: The Symp Marches,we,march,1275,Jenson,,
"Williams, J",Higgins,John Williams:Evening at Pop,we,,1350,Warner Bros.,,
"Williams, J",Curnow,Liberty Fanfare,we,,1277,Warner Bros.,,
"Williams, J",Curnow,"Mission,The",we,,1309,Jensen,,
"Williams, J",Curnow,Olympic Fanfare & Theme,we,,1254,Warner-Tamberl,,
"Williams, J",Curnow,"Olympic Spirit, The",we,,1320,Warner Bros.,,
"Williams, J",Curnow,Parade of the Ewoks,we/film,march,1202,Warner/Tamerla,,
"Williams, J",Hunsberger,Star Wars Trilogy,we/film,,1555,Warner Bros.,2004/05,
"Williams, J",Curnow,The Cowboys,we/film,,1478,Warner Bros.,2000/07,
"Williams, J",Jay Bocook,Young Person's Guide to J. Will.,we,,1543,Hal Leonard,2003/04,
"Williams, J.","Custer, C.",Schindlers List Theme,we/film,,1407,Jenson,2000/02,
"Williams, Jerry",,Deck the Halls with Old Composer,we/xmas,,1413,C.L. Barnhouse,2000/02,
"Williams, M",,Classical Gas,we,march size,0756,Hal Leonard,,
"Williams, P",Nestico,Rhap for C-band + jazz ens,we+jazz en,,0984,Hal Leonard,,
Williams/Ascher,Brockner,Movin' Right Along,we,elem band,1148,Welbeck,,
"Willis, R",,Aria & Toccata,we,,0837,Belwin Mills,,
Willson,Lang,"""Music Man""(Selections)",we,broadway,0244,Frank,,
Willson,,76 Trmb,we,march size,0521,Frank,,
Willson,Peterson,Centennial,we,march,0224,Plymouth,,
"Willson, Meredith",Ricketts,Seventy Six Trombones,we,,1551,Hal Leonard,2004/05,
"Wilson, Dana",,Shortcut Home,,,1595,,,
Wiseman,,Have I told You Lately I Love Yo,we,march size,0522,Leonard,,
Wonder,"Cook, P",You are the sunshine of my life,we,,0995,Jobete Music,,
"Wood, H",,Mannin Veen,we,,0227,Boosey +Hawkes,,
"Wood, H","Brown, C","Manx Ov, A",we,overture,0226,Boosey +Hawkes,,
"Wood, H",Hawkins,Montmartre March,we,March,0266,Robbins,,
"Woods, HJ",,Master Councilor,we,march size,0574,Church,,
Woods/Schoenfeld,,"4 Leaf Clover, A",we,march size,0523,Remick,,
"Woolfenden, Guy",,French Impressions,we,,1594,,,
"Woolfenden, Guy",,Gallimaufry,,,1597,,,
"Work, J",,Autumn Walk,we,,0228,Shawnee Press,,
"Work, J",,Driftwood Patterns,we,,0229,Shawnee Press,,
"Wright, R +Forrest",Schaefer,"Wright + Forrest Collect, A",we,,0961,Frank Music,,
Yoder,,Alpha & Omega,we,,0787,Piedmont Music,,
Yoder,,Chicago Rockets,we,march size,0608,Kjos,,
Yoder,,Glamour Strut,we,march size,0697,Kjos,,
Yoder,,Haskell's Rascals,we+perc,feature,0230,Kjos,,
Yoder,,Highlights of Kurt Weill,we,broadway,0231,Chappell,,
Yoder,,Hurricane!,we,,0232,Kjos,,
Yoder,,Majorette Strut,we,march size,0696,Kjos,,
Yoder,,Mantilla,we,overture,0234,Belwin,,
Yoder,,Relax!,we,rumba,0627,Kjos,,
Yoder,,Rhythmoods,we,,0233,Mills,,
Yoder,,Rush Street Tarantella,we,,0235,Kjos,,
Yoder,,Silver Anniversary,we,march size,0524,Kjos,,
Yoder,,Spartan Band Day,we,march size,0701,Kjos,,
Yoder,,Virginia Beach,we,march size,0699,Kjos,,
Yoder,,Youth of Amer,we,march size,0525,Kjos,,
Zamecnik,,College Yell,we,march size,0616,Sam Fox,,
Zamecnik,,"Fox Trail, The",we,march size,0526,Fox,,
Zawinal,Lowden,Birdland,we,,1490,Hal Leonard,2001/03,
Zdechlik,,"""In Dulci Jubilo""(Dialogues)",we,,1296,Kjos,,
Zdechlik,,Celebrations,we,,1364,Kjos,  03/92,
Zdechlik,,Chorale & Shaker Dance,we,,1196,Kjos,,
Zdechlik,,Dance Var,we,,1127,Kjos,,
Zdechlik,,"Dialogues on ""In Dulci Jubilo""",we,,1540,Neil A. Kjos,2003/04,
Zdechlik,,Faces of Kum Ba Yah,we,,1109,Kjos,,
Zimmer,Custer,The Lion King Highlights,we/film,,1406,Hal Leonard,2000/02,
Zimmerman,,Wittenberg 1967,we,chorale,0638,Manuscript,,
Zimmermann,Briegel,Anchors Aweigh,we/march,march size,0527,Robbins,,
,"Roberts, W","""Lady and the Tramp""(Ov)",we,overture,1008,Hansen,,
,"Curnow, J","""Lancashire"" (Fan/Prelude)",we,,1176,Jenson,,
,"Reynolds, P",3 Hymns of Faith,we,elem band,0752,Luverne,,
,"Bobrowitz, David",A Chanukah Celebration,we,,1483,Neil A. Kjos M,2000/11,
,"Nestico, Sammy",A Fireside Christmas,we/xmas,,1459,Hal Leonard,2000/03,
,"Crosby, RL",All Amer Mrch,we,March,0274,Am. Oil Co,,
,,Amazing Grace,we,elem band,1098,Hal Leonard,,
,"Lake, M ed",Amer Symphonic Bandbook,we,,0356,Am. Book Co,,
,"Conley, L",Amer. (Round),we,elem band,1118,Studio P-R,,
,"Hayes, A",America,we,march size,0415,Fillmore,,
,"Lowden, Bob",Armed Forces Salute,we,,1479,Hal Leonard,2000/07,
,"Alford, H","Army, The",we,march size,0316,Kjos,,
,"Piato, DR",Band Plays Spirituals,we,elem band,0753,Luverne,,
,Lowden,Barry Manilow in Concert,we,,1071,Big 3 Music,,
,"Higgins, J",Beatles:  Echos of an era,we,medley,1188,Jenson,,
,"Christensen, J",Best Broadway Mrches,we,broadway,1352,Hal Leonard,,
,Lowden,Big Band Bash,we,elem band,1170,Hal Leonard,,
,"Higgins, John",Big Band Signatures,we,,1441,Hal Leonard,2000/02,
,"Lauder, D","Big Rock, The",we,elem band,0864,Alfred Mus Co,,
,"Oster, Robert",Bless the Beasts and Children,we,,0880,manuscript,,
,"Cobine, A","Brit. Grenadiers, The",we,Elem Band,0788,Studio,,
,Barker,Broadway Show Stoppers,we,broadway,0981,Hal Leonard,,
,Higgins,Broadway Spectacular,we,broadway,1078,Jenson,,
,"Clark, Larry",Cartoon Symphony,we,,1465,Warner Bros,2000/03,
,Moffit,Classical Miniatures,we,,0800,Hal Leonard,,
,"Polster, I",Concert Alma Mater,we,,0882,manuscript,,
,"Polster, I",Concert Fight Song,we,feature,0828,manuscript,,
,"Kinyon, J",Concert in the Park,we,elem band,0892,Alfred Mus Co,,
,Higgins,Concerto for Madison Avenue,we,commercial,1070,Jenson,,
,"Barker, W",Curtain Up!,we,broadway,1065,Hal Leonard,,
,"Mass, John",Disney at the Oscars,we,,1573,,,
,Warrington,Dixieland Jamboree,we+soli,feature,0211,Mayfair,,
,"Townsend, D",Donizetti and Rossini,we,march,0677,Mercury,,
,"Polster, I",Dreidel,we,,0881,manuscript,,
,,Fight Song and Alma Mater,we,,1382,Manuscript,,
,Bocook,Film Score Classics,we,,1391,Warner Bros.,FALL/93,
,Phillippe,Gladiators,we,,1572,,,
,"Scott, W",Glen Miller in Concert,we,,0992,Robbins,,
,"Peterson, T",Grant Us Thy Peace,we,,0777,Kendor,,
,,Helena Polka,we,march size,0459,Leonard,,
,Briegel,Hill Country Melo,we,march size,0343,Briegel,,
,"Barker, Warren",Hooray for Hollywood,we,,1504,Warner Bros.,2002/03,
,"Moffit, B",Joshua,we,march size,0762,Hal Leonard,,
,"Ployhar, J",Marching to Pretoria,we,march,0774,1st Division,,
,Van Loock,"Marine's Hymn, The",we,march size,0515,U.S. Marine Co,,
,,Medley,we,march size,0591,Ascher,,
,Hill,"Merrily We Cha,Cha,Cha",we,,0775,Hall/McCreary,,
,Ployhar,Military Songs of Brit. Isles,we,,0970,Byron Douglas,,
,"Bocook, J",New York Nightlife,we,jazz,1187,Jenson,,
,Panella,"Old Grey Mare, The",we,march size,0589,Panella,,
,Tyler,Old McDonald in Stereo,we,elem band,0994,Alfred,,
,Cailliet,Our U S,we,march,0276,Kjos,,
,"Jennings, P","Roaring 20's, The",we,medley,1267,Warner Bros,,
,Ployhar,Shenandoah,we,,0951,Byron-Douglas,,
,Novak,Sinatra in Concert,we,elem band,1169,Hal Leonard,,
,"Kinyon, J",Songs of the Highlands,we,elem band,0805,Alfred Mus Co,,
,"Foley, K",Sounds of the Super Sleuths,we,tv themes,1156,Jenson,,
,"Scott, W",Stan Kenton in Concert,we,,1048,Robbins,,
,"Higgins, J",Star Spangled Banner Finale,we,,1289,Jenson,,
,"Erickson, E",Suite of Early Marches,we+piano,,0898,Summit,,
,Phillippe,Swashbucklers,we,,1500,Warner Bros.,2001/04,
,Barker,Swing's the Thing,we,,1496,Warner Bros.,2001/03,
,"Polster, I",Symphonic Suite Demonstration,we,,0765,manuscript,,
,,Take Me Out to the Ballgame,we,march size,0622,manuscript,,
,"Kinyon, J",Theme and Var,we,elem band,0804,Alfred Mus Co,,
,"Sebesky, G","Trib to Elvis, A",we,elem band,1139,Barnhouse,,
,"Schuller, G",Tribute to Rudy Wiedoeft,we+sax,feature,1111,United Artists,,
,Ployhar,Were You There,we,elem band,1100,Hal Leonard,,
,"Hosay, James",Westminster Carol,we,,1529,Curnow,2003/04,
,"Hayes, A",When Johnny Comes Mrching Home,we,march size,0415,Fillmore,,
,,Witt Alma Mater/Fight Sg,we,,0745,Manuscript,,
,,"Witt. Hymn, Duke St., Alma Mater",we,,0098,Manuscript,,
,,Wittenberg Fight Music,we,march,0915,manuscript,,
